[debug] [2026-10-08T09:50:40.658Z] ----------------------------------------------------------------------
[debug] [2026-10-08T09:50:40.660Z] Command:       C:\Program Files\nodejs\node.exe C:\Users\galla\AppData\Local\npm-cache\_npx\7750544ccf494d8b\node_modules\firebase-tools\lib\bin\firebase.js emulators:start --only functions
[debug] [2026-10-08T09:50:40.660Z] CLI Version:   15.33.0
[debug] [2026-10-08T09:50:40.660Z] Platform:      win32
[debug] [2026-10-08T09:50:40.660Z] Node Version:  v24.20.0
[debug] [2026-10-08T09:50:40.660Z] Detected Agent: antigravity
[debug] [2026-10-08T09:50:40.660Z] Time:          Thu Oct 08 2026 17:50:40 GMT+0800 (Philippine Standard Time)
[debug] [2026-10-08T09:50:40.660Z] ----------------------------------------------------------------------
[debug] 
[debug] [2026-10-08T09:50:40.671Z] >>> [apiv2][query] GET https://firebase-public.firebaseio.com/cli.json [none]
[debug] [2026-10-08T09:51:00.274Z] > command requires scopes: ["email","openid","https://www.googleapis.com/auth/cloudplatformprojects.readonly","https://www.googleapis.com/auth/firebase","https://www.googleapis.com/auth/cloud-platform"]
[debug] Failed to authenticate, have you run firebase login?
[warn] !  emulators: You are not currently authenticated so some features may not work correctly. Please run firebase login to authenticate the CLI. 
[info] i  emulators: Starting emulators: functions {"metadata":{"emulator":{"name":"hub"},"message":"Starting emulators: functions"}}
[info] i  emulators: Detected demo project ID "demo-no-project", emulated services will use a demo configuration and attempts to access non-emulated services for this project will fail. {"metadata":{"emulator":{"name":"hub"},"message":"Detected demo project ID \"demo-no-project\", emulated services will use a demo configuration and attempts to access non-emulated services for this project will fail."}}
[debug] [2026-10-08T09:51:00.303Z] [logging] Logging Emulator only supports listening on one address (127.0.0.1). Not listening on ::1
[debug] [2026-10-08T09:51:00.303Z] assigned listening specs for emulators {"user":{"hub":[{"address":"127.0.0.1","family":"IPv4","port":4400},{"address":"::1","family":"IPv6","port":4400}],"ui":[{"address":"127.0.0.1","family":"IPv4","port":4000},{"address":"::1","family":"IPv6","port":4000}],"logging":[{"address":"127.0.0.1","family":"IPv4","port":4500}]},"metadata":{"message":"assigned listening specs for emulators"}}
[debug] [2026-10-08T09:51:00.311Z] Write emulator hub locator at C:\Users\galla\AppData\Local\Temp\hub-demo-no-project.json
[debug] [2026-10-08T09:51:00.327Z] [functions] Functions Emulator only supports listening on one address (127.0.0.1). Not listening on ::1
[debug] [2026-10-08T09:51:00.327Z] [eventarc] Eventarc Emulator only supports listening on one address (127.0.0.1). Not listening on ::1
[debug] [2026-10-08T09:51:00.327Z] [tasks] Cloud Tasks Emulator only supports listening on one address (127.0.0.1). Not listening on ::1
[debug] [2026-10-08T09:51:00.327Z] late-assigned ports for functions and eventarc emulators {"user":{"hub":[{"address":"127.0.0.1","family":"IPv4","port":4400},{"address":"::1","family":"IPv6","port":4400}],"ui":[{"address":"127.0.0.1","family":"IPv4","port":4000},{"address":"::1","family":"IPv6","port":4000}],"logging":[{"address":"127.0.0.1","family":"IPv4","port":4500}],"functions":[{"address":"127.0.0.1","family":"IPv4","port":5001}],"eventarc":[{"address":"127.0.0.1","family":"IPv4","port":9299}],"tasks":[{"address":"127.0.0.1","family":"IPv4","port":9499}]},"metadata":{"message":"late-assigned ports for functions and eventarc emulators"}}
[info] i  ui: downloading ui-v1.15.0.zip... {"metadata":{"emulator":{"name":"ui"},"message":"downloading ui-v1.15.0.zip..."}}
[debug] [2026-10-08T09:51:00.342Z] >>> [apiv2][query] GET https://storage.googleapis.com/firebase-preview-drop/emulator/ui-v1.15.0.zip 
[debug] [2026-10-08T09:51:00.722Z] <<< [apiv2][status] GET https://storage.googleapis.com/firebase-preview-drop/emulator/ui-v1.15.0.zip 200
[debug] [2026-10-08T09:51:00.722Z] <<< [apiv2][body] GET https://storage.googleapis.com/firebase-preview-drop/emulator/ui-v1.15.0.zip [stream]
[debug] [2026-10-08T09:51:00.743Z] <<< [apiv2][status] GET https://firebase-public.firebaseio.com/cli.json 200
[debug] [2026-10-08T09:51:00.744Z] <<< [apiv2][body] GET https://firebase-public.firebaseio.com/cli.json {"cloudBuildErrorAfter":1594252800000,"cloudBuildWarnAfter":1590019200000,"defaultNode10After":1594252800000,"minVersion":"3.0.5","node8DeploysDisabledAfter":1613390400000,"node8RuntimeDisabledAfter":1615809600000,"node8WarnAfter":1600128000000}
[debug] [2026-10-08T09:51:02.224Z] Data is 3538469
[debug] [2026-10-08T09:51:02.225Z] [unzip] Entry: client/ (compressed_size=0 bytes, uncompressed_size=0 bytes)
[debug] [2026-10-08T09:51:02.225Z] [unzip] Processing entry: client\
[debug] [2026-10-08T09:51:02.225Z] [unzip] mkdir: C:\Users\galla\.cache\firebase\emulators\ui-v1.15.0\client\
[debug] [2026-10-08T09:51:02.226Z] [unzip] Entry: client/favicon-16x16.png (compressed_size=293 bytes, uncompressed_size=293 bytes)
[debug] [2026-10-08T09:51:02.226Z] [unzip] Processing entry: client\favicon-16x16.png
[debug] [2026-10-08T09:51:02.226Z] [unzip] else mkdir: C:\Users\galla\.cache\firebase\emulators\ui-v1.15.0\client
[debug] [2026-10-08T09:51:02.226Z] [unzip] Writing file: C:\Users\galla\.cache\firebase\emulators\ui-v1.15.0\client\favicon-16x16.png
[debug] [2026-10-08T09:51:02.227Z] [unzip] Entry: client/safari-pinned-tab.svg (compressed_size=1433 bytes, uncompressed_size=2611 bytes)
[debug] [2026-10-08T09:51:02.227Z] [unzip] Processing entry: client\safari-pinned-tab.svg
[debug] [2026-10-08T09:51:02.227Z] [unzip] else mkdir: C:\Users\galla\.cache\firebase\emulators\ui-v1.15.0\client
[debug] [2026-10-08T09:51:02.227Z] [unzip] deflating: C:\Users\galla\.cache\firebase\emulators\ui-v1.15.0\client\safari-pinned-tab.svg
[debug] [2026-10-08T09:51:02.231Z] [unzip] Entry: client/favicon.ico (compressed_size=2933 bytes, uncompressed_size=13294 bytes)
[debug] [2026-10-08T09:51:02.231Z] [unzip] Processing entry: client\favicon.ico
[debug] [2026-10-08T09:51:02.231Z] [unzip] else mkdir: C:\Users\galla\.cache\firebase\emulators\ui-v1.15.0\client
[debug] [2026-10-08T09:51:02.232Z] [unzip] deflating: C:\Users\galla\.cache\firebase\emulators\ui-v1.15.0\client\favicon.ico
[debug] [2026-10-08T09:51:02.233Z] [unzip] Entry: client/index.html (compressed_size=1364 bytes, uncompressed_size=3071 bytes)
[debug] [2026-10-08T09:51:02.233Z] [unzip] Processing entry: client\index.html
[debug] [2026-10-08T09:51:02.233Z] [unzip] else mkdir: C:\Users\galla\.cache\firebase\emulators\ui-v1.15.0\client
[debug] [2026-10-08T09:51:02.233Z] [unzip] deflating: C:\Users\galla\.cache\firebase\emulators\ui-v1.15.0\client\index.html
[debug] [2026-10-08T09:51:02.235Z] [unzip] Entry: client/android-chrome-192x192.png (compressed_size=2684 bytes, uncompressed_size=2684 bytes)
[debug] [2026-10-08T09:51:02.235Z] [unzip] Processing entry: client\android-chrome-192x192.png
[debug] [2026-10-08T09:51:02.235Z] [unzip] else mkdir: C:\Users\galla\.cache\firebase\emulators\ui-v1.15.0\client
[debug] [2026-10-08T09:51:02.235Z] [unzip] Writing file: C:\Users\galla\.cache\firebase\emulators\ui-v1.15.0\client\android-chrome-192x192.png
[debug] [2026-10-08T09:51:02.236Z] [unzip] Entry: client/apple-touch-icon.png (compressed_size=2123 bytes, uncompressed_size=2152 bytes)
[debug] [2026-10-08T09:51:02.236Z] [unzip] Processing entry: client\apple-touch-icon.png
[debug] [2026-10-08T09:51:02.236Z] [unzip] else mkdir: C:\Users\galla\.cache\firebase\emulators\ui-v1.15.0\client
[debug] [2026-10-08T09:51:02.236Z] [unzip] deflating: C:\Users\galla\.cache\firebase\emulators\ui-v1.15.0\client\apple-touch-icon.png
[debug] [2026-10-08T09:51:02.237Z] [unzip] Entry: client/android-chrome-512x512.png (compressed_size=5369 bytes, uncompressed_size=5411 bytes)
[debug] [2026-10-08T09:51:02.237Z] [unzip] Processing entry: client\android-chrome-512x512.png
[debug] [2026-10-08T09:51:02.237Z] [unzip] else mkdir: C:\Users\galla\.cache\firebase\emulators\ui-v1.15.0\client
[debug] [2026-10-08T09:51:02.238Z] [unzip] deflating: C:\Users\galla\.cache\firebase\emulators\ui-v1.15.0\client\android-chrome-512x512.png
[debug] [2026-10-08T09:51:02.238Z] [unzip] Entry: client/manifest.json (compressed_size=245 bytes, uncompressed_size=551 bytes)
[debug] [2026-10-08T09:51:02.238Z] [unzip] Processing entry: client\manifest.json
[debug] [2026-10-08T09:51:02.238Z] [unzip] else mkdir: C:\Users\galla\.cache\firebase\emulators\ui-v1.15.0\client
[debug] [2026-10-08T09:51:02.239Z] [unzip] deflating: C:\Users\galla\.cache\firebase\emulators\ui-v1.15.0\client\manifest.json
[debug] [2026-10-08T09:51:02.240Z] [unzip] Entry: client/robots.txt (compressed_size=26 bytes, uncompressed_size=26 bytes)
[debug] [2026-10-08T09:51:02.240Z] [unzip] Processing entry: client\robots.txt
[debug] [2026-10-08T09:51:02.240Z] [unzip] else mkdir: C:\Users\galla\.cache\firebase\emulators\ui-v1.15.0\client
[debug] [2026-10-08T09:51:02.241Z] [unzip] Writing file: C:\Users\galla\.cache\firebase\emulators\ui-v1.15.0\client\robots.txt
[debug] [2026-10-08T09:51:02.241Z] [unzip] Entry: client/mstile-150x150.png (compressed_size=2034 bytes, uncompressed_size=2034 bytes)
[debug] [2026-10-08T09:51:02.242Z] [unzip] Processing entry: client\mstile-150x150.png
[debug] [2026-10-08T09:51:02.242Z] [unzip] else mkdir: C:\Users\galla\.cache\firebase\emulators\ui-v1.15.0\client
[debug] [2026-10-08T09:51:02.242Z] [unzip] Writing file: C:\Users\galla\.cache\firebase\emulators\ui-v1.15.0\client\mstile-150x150.png
[debug] [2026-10-08T09:51:02.243Z] [unzip] Entry: client/assets/ (compressed_size=0 bytes, uncompressed_size=0 bytes)
[debug] [2026-10-08T09:51:02.243Z] [unzip] Processing entry: client\assets\
[debug] [2026-10-08T09:51:02.243Z] [unzip] mkdir: C:\Users\galla\.cache\firebase\emulators\ui-v1.15.0\client\assets\
[debug] [2026-10-08T09:51:02.244Z] [unzip] Entry: client/assets/index-BX-A56oj.js (compressed_size=582089 bytes, uncompressed_size=2092775 bytes)
[debug] [2026-10-08T09:51:02.244Z] [unzip] Processing entry: client\assets\index-BX-A56oj.js
[debug] [2026-10-08T09:51:02.244Z] [unzip] else mkdir: C:\Users\galla\.cache\firebase\emulators\ui-v1.15.0\client\assets
[debug] [2026-10-08T09:51:02.244Z] [unzip] deflating: C:\Users\galla\.cache\firebase\emulators\ui-v1.15.0\client\assets\index-BX-A56oj.js
[debug] [2026-10-08T09:51:02.255Z] [unzip] Entry: client/assets/index-CjB9C900.css (compressed_size=35979 bytes, uncompressed_size=298654 bytes)
[debug] [2026-10-08T09:51:02.255Z] [unzip] Processing entry: client\assets\index-CjB9C900.css
[debug] [2026-10-08T09:51:02.255Z] [unzip] else mkdir: C:\Users\galla\.cache\firebase\emulators\ui-v1.15.0\client\assets
[debug] [2026-10-08T09:51:02.255Z] [unzip] deflating: C:\Users\galla\.cache\firebase\emulators\ui-v1.15.0\client\assets\index-CjB9C900.css
[debug] [2026-10-08T09:51:02.258Z] [unzip] Entry: client/assets/index-BX-A56oj.js.map (compressed_size=2362482 bytes, uncompressed_size=10036679 bytes)
[debug] [2026-10-08T09:51:02.258Z] [unzip] Processing entry: client\assets\index-BX-A56oj.js.map
[debug] [2026-10-08T09:51:02.258Z] [unzip] else mkdir: C:\Users\galla\.cache\firebase\emulators\ui-v1.15.0\client\assets
[debug] [2026-10-08T09:51:02.259Z] [unzip] deflating: C:\Users\galla\.cache\firebase\emulators\ui-v1.15.0\client\assets\index-BX-A56oj.js.map
[debug] [2026-10-08T09:51:02.306Z] [unzip] Entry: client/assets/extensions/ (compressed_size=0 bytes, uncompressed_size=0 bytes)
[debug] [2026-10-08T09:51:02.306Z] [unzip] Processing entry: client\assets\extensions\
[debug] [2026-10-08T09:51:02.306Z] [unzip] mkdir: C:\Users\galla\.cache\firebase\emulators\ui-v1.15.0\client\assets\extensions\
[debug] [2026-10-08T09:51:02.306Z] [unzip] Entry: client/assets/extensions/default-extension.png (compressed_size=1646 bytes, uncompressed_size=1657 bytes)
[debug] [2026-10-08T09:51:02.306Z] [unzip] Processing entry: client\assets\extensions\default-extension.png
[debug] [2026-10-08T09:51:02.306Z] [unzip] else mkdir: C:\Users\galla\.cache\firebase\emulators\ui-v1.15.0\client\assets\extensions
[debug] [2026-10-08T09:51:02.307Z] [unzip] deflating: C:\Users\galla\.cache\firebase\emulators\ui-v1.15.0\client\assets\extensions\default-extension.png
[debug] [2026-10-08T09:51:02.308Z] [unzip] Entry: client/assets/img/ (compressed_size=0 bytes, uncompressed_size=0 bytes)
[debug] [2026-10-08T09:51:02.308Z] [unzip] Processing entry: client\assets\img\
[debug] [2026-10-08T09:51:02.308Z] [unzip] mkdir: C:\Users\galla\.cache\firebase\emulators\ui-v1.15.0\client\assets\img\
[debug] [2026-10-08T09:51:02.308Z] [unzip] Entry: client/assets/img/database.png (compressed_size=29449 bytes, uncompressed_size=29988 bytes)
[debug] [2026-10-08T09:51:02.309Z] [unzip] Processing entry: client\assets\img\database.png
[debug] [2026-10-08T09:51:02.309Z] [unzip] else mkdir: C:\Users\galla\.cache\firebase\emulators\ui-v1.15.0\client\assets\img
[debug] [2026-10-08T09:51:02.309Z] [unzip] deflating: C:\Users\galla\.cache\firebase\emulators\ui-v1.15.0\client\assets\img\database.png
[debug] [2026-10-08T09:51:02.310Z] [unzip] Entry: client/assets/provider-icons/ (compressed_size=0 bytes, uncompressed_size=0 bytes)
[debug] [2026-10-08T09:51:02.310Z] [unzip] Processing entry: client\assets\provider-icons\
[debug] [2026-10-08T09:51:02.310Z] [unzip] mkdir: C:\Users\galla\.cache\firebase\emulators\ui-v1.15.0\client\assets\provider-icons\
[debug] [2026-10-08T09:51:02.310Z] [unzip] Entry: client/assets/provider-icons/auth_service_saml.svg (compressed_size=575 bytes, uncompressed_size=1226 bytes)
[debug] [2026-10-08T09:51:02.310Z] [unzip] Processing entry: client\assets\provider-icons\auth_service_saml.svg
[debug] [2026-10-08T09:51:02.311Z] [unzip] else mkdir: C:\Users\galla\.cache\firebase\emulators\ui-v1.15.0\client\assets\provider-icons
[debug] [2026-10-08T09:51:02.311Z] [unzip] deflating: C:\Users\galla\.cache\firebase\emulators\ui-v1.15.0\client\assets\provider-icons\auth_service_saml.svg
[debug] [2026-10-08T09:51:02.312Z] [unzip] Entry: client/assets/provider-icons/auth_service_phone.svg (compressed_size=261 bytes, uncompressed_size=414 bytes)
[debug] [2026-10-08T09:51:02.312Z] [unzip] Processing entry: client\assets\provider-icons\auth_service_phone.svg
[debug] [2026-10-08T09:51:02.312Z] [unzip] else mkdir: C:\Users\galla\.cache\firebase\emulators\ui-v1.15.0\client\assets\provider-icons
[debug] [2026-10-08T09:51:02.312Z] [unzip] deflating: C:\Users\galla\.cache\firebase\emulators\ui-v1.15.0\client\assets\provider-icons\auth_service_phone.svg
[debug] [2026-10-08T09:51:02.313Z] [unzip] Entry: client/assets/provider-icons/auth_service_facebook.svg (compressed_size=289 bytes, uncompressed_size=457 bytes)
[debug] [2026-10-08T09:51:02.313Z] [unzip] Processing entry: client\assets\provider-icons\auth_service_facebook.svg
[debug] [2026-10-08T09:51:02.313Z] [unzip] else mkdir: C:\Users\galla\.cache\firebase\emulators\ui-v1.15.0\client\assets\provider-icons
[debug] [2026-10-08T09:51:02.313Z] [unzip] deflating: C:\Users\galla\.cache\firebase\emulators\ui-v1.15.0\client\assets\provider-icons\auth_service_facebook.svg
[debug] [2026-10-08T09:51:02.315Z] [unzip] Entry: client/assets/provider-icons/auth_service_game_center.svg (compressed_size=991 bytes, uncompressed_size=3921 bytes)
[debug] [2026-10-08T09:51:02.315Z] [unzip] Processing entry: client\assets\provider-icons\auth_service_game_center.svg
[debug] [2026-10-08T09:51:02.315Z] [unzip] else mkdir: C:\Users\galla\.cache\firebase\emulators\ui-v1.15.0\client\assets\provider-icons
[debug] [2026-10-08T09:51:02.315Z] [unzip] deflating: C:\Users\galla\.cache\firebase\emulators\ui-v1.15.0\client\assets\provider-icons\auth_service_game_center.svg
[debug] [2026-10-08T09:51:02.316Z] [unzip] Entry: client/assets/provider-icons/auth_service_apple.svg (compressed_size=230 bytes, uncompressed_size=334 bytes)
[debug] [2026-10-08T09:51:02.317Z] [unzip] Processing entry: client\assets\provider-icons\auth_service_apple.svg
[debug] [2026-10-08T09:51:02.317Z] [unzip] else mkdir: C:\Users\galla\.cache\firebase\emulators\ui-v1.15.0\client\assets\provider-icons
[debug] [2026-10-08T09:51:02.317Z] [unzip] deflating: C:\Users\galla\.cache\firebase\emulators\ui-v1.15.0\client\assets\provider-icons\auth_service_apple.svg
[debug] [2026-10-08T09:51:02.318Z] [unzip] Entry: client/assets/provider-icons/auth_service_github.svg (compressed_size=466 bytes, uncompressed_size=838 bytes)
[debug] [2026-10-08T09:51:02.318Z] [unzip] Processing entry: client\assets\provider-icons\auth_service_github.svg
[debug] [2026-10-08T09:51:02.318Z] [unzip] else mkdir: C:\Users\galla\.cache\firebase\emulators\ui-v1.15.0\client\assets\provider-icons
[debug] [2026-10-08T09:51:02.318Z] [unzip] deflating: C:\Users\galla\.cache\firebase\emulators\ui-v1.15.0\client\assets\provider-icons\auth_service_github.svg
[debug] [2026-10-08T09:51:02.319Z] [unzip] Entry: client/assets/provider-icons/auth_service_mslive.svg (compressed_size=203 bytes, uncompressed_size=378 bytes)
[debug] [2026-10-08T09:51:02.320Z] [unzip] Processing entry: client\assets\provider-icons\auth_service_mslive.svg
[debug] [2026-10-08T09:51:02.320Z] [unzip] else mkdir: C:\Users\galla\.cache\firebase\emulators\ui-v1.15.0\client\assets\provider-icons
[debug] [2026-10-08T09:51:02.320Z] [unzip] deflating: C:\Users\galla\.cache\firebase\emulators\ui-v1.15.0\client\assets\provider-icons\auth_service_mslive.svg
[debug] [2026-10-08T09:51:02.321Z] [unzip] Entry: client/assets/provider-icons/auth_service_yahoo.svg (compressed_size=577 bytes, uncompressed_size=1182 bytes)
[debug] [2026-10-08T09:51:02.321Z] [unzip] Processing entry: client\assets\provider-icons\auth_service_yahoo.svg
[debug] [2026-10-08T09:51:02.321Z] [unzip] else mkdir: C:\Users\galla\.cache\firebase\emulators\ui-v1.15.0\client\assets\provider-icons
[debug] [2026-10-08T09:51:02.321Z] [unzip] deflating: C:\Users\galla\.cache\firebase\emulators\ui-v1.15.0\client\assets\provider-icons\auth_service_yahoo.svg
[debug] [2026-10-08T09:51:02.322Z] [unzip] Entry: client/assets/provider-icons/auth_service_twitter.svg (compressed_size=444 bytes, uncompressed_size=751 bytes)
[debug] [2026-10-08T09:51:02.323Z] [unzip] Processing entry: client\assets\provider-icons\auth_service_twitter.svg
[debug] [2026-10-08T09:51:02.323Z] [unzip] else mkdir: C:\Users\galla\.cache\firebase\emulators\ui-v1.15.0\client\assets\provider-icons
[debug] [2026-10-08T09:51:02.323Z] [unzip] deflating: C:\Users\galla\.cache\firebase\emulators\ui-v1.15.0\client\assets\provider-icons\auth_service_twitter.svg
[debug] [2026-10-08T09:51:02.324Z] [unzip] Entry: client/assets/provider-icons/auth_service_play_games.svg (compressed_size=565 bytes, uncompressed_size=1173 bytes)
[debug] [2026-10-08T09:51:02.324Z] [unzip] Processing entry: client\assets\provider-icons\auth_service_play_games.svg
[debug] [2026-10-08T09:51:02.325Z] [unzip] else mkdir: C:\Users\galla\.cache\firebase\emulators\ui-v1.15.0\client\assets\provider-icons
[debug] [2026-10-08T09:51:02.325Z] [unzip] deflating: C:\Users\galla\.cache\firebase\emulators\ui-v1.15.0\client\assets\provider-icons\auth_service_play_games.svg
[debug] [2026-10-08T09:51:02.327Z] [unzip] Entry: client/assets/provider-icons/auth_service_email.svg (compressed_size=228 bytes, uncompressed_size=326 bytes)
[debug] [2026-10-08T09:51:02.327Z] [unzip] Processing entry: client\assets\provider-icons\auth_service_email.svg
[debug] [2026-10-08T09:51:02.328Z] [unzip] else mkdir: C:\Users\galla\.cache\firebase\emulators\ui-v1.15.0\client\assets\provider-icons
[debug] [2026-10-08T09:51:02.330Z] [unzip] deflating: C:\Users\galla\.cache\firebase\emulators\ui-v1.15.0\client\assets\provider-icons\auth_service_email.svg
[debug] [2026-10-08T09:51:02.346Z] [unzip] Entry: client/assets/provider-icons/auth_service_google.svg (compressed_size=409 bytes, uncompressed_size=720 bytes)
[debug] [2026-10-08T09:51:02.349Z] [unzip] Processing entry: client\assets\provider-icons\auth_service_google.svg
[debug] [2026-10-08T09:51:02.349Z] [unzip] else mkdir: C:\Users\galla\.cache\firebase\emulators\ui-v1.15.0\client\assets\provider-icons
[debug] [2026-10-08T09:51:02.351Z] [unzip] deflating: C:\Users\galla\.cache\firebase\emulators\ui-v1.15.0\client\assets\provider-icons\auth_service_google.svg
[debug] [2026-10-08T09:51:02.354Z] [unzip] Entry: client/assets/provider-icons/auth_service_oidc.svg (compressed_size=414 bytes, uncompressed_size=858 bytes)
[debug] [2026-10-08T09:51:02.354Z] [unzip] Processing entry: client\assets\provider-icons\auth_service_oidc.svg
[debug] [2026-10-08T09:51:02.355Z] [unzip] else mkdir: C:\Users\galla\.cache\firebase\emulators\ui-v1.15.0\client\assets\provider-icons
[debug] [2026-10-08T09:51:02.355Z] [unzip] deflating: C:\Users\galla\.cache\firebase\emulators\ui-v1.15.0\client\assets\provider-icons\auth_service_oidc.svg
[debug] [2026-10-08T09:51:02.357Z] [unzip] Entry: client/browserconfig.xml (compressed_size=491 bytes, uncompressed_size=822 bytes)
[debug] [2026-10-08T09:51:02.357Z] [unzip] Processing entry: client\browserconfig.xml
[debug] [2026-10-08T09:51:02.357Z] [unzip] else mkdir: C:\Users\galla\.cache\firebase\emulators\ui-v1.15.0\client
[debug] [2026-10-08T09:51:02.358Z] [unzip] deflating: C:\Users\galla\.cache\firebase\emulators\ui-v1.15.0\client\browserconfig.xml
[debug] [2026-10-08T09:51:02.359Z] [unzip] Entry: client/favicon-32x32.png (compressed_size=475 bytes, uncompressed_size=475 bytes)
[debug] [2026-10-08T09:51:02.359Z] [unzip] Processing entry: client\favicon-32x32.png
[debug] [2026-10-08T09:51:02.359Z] [unzip] else mkdir: C:\Users\galla\.cache\firebase\emulators\ui-v1.15.0\client
[debug] [2026-10-08T09:51:02.360Z] [unzip] Writing file: C:\Users\galla\.cache\firebase\emulators\ui-v1.15.0\client\favicon-32x32.png
[debug] [2026-10-08T09:51:02.361Z] [unzip] Entry: server/ (compressed_size=0 bytes, uncompressed_size=0 bytes)
[debug] [2026-10-08T09:51:02.361Z] [unzip] Processing entry: server\
[debug] [2026-10-08T09:51:02.361Z] [unzip] mkdir: C:\Users\galla\.cache\firebase\emulators\ui-v1.15.0\server\
[debug] [2026-10-08T09:51:02.361Z] [unzip] Entry: server/server.mjs.map (compressed_size=217845 bytes, uncompressed_size=944978 bytes)
[debug] [2026-10-08T09:51:02.362Z] [unzip] Processing entry: server\server.mjs.map
[debug] [2026-10-08T09:51:02.362Z] [unzip] else mkdir: C:\Users\galla\.cache\firebase\emulators\ui-v1.15.0\server
[debug] [2026-10-08T09:51:02.362Z] [unzip] deflating: C:\Users\galla\.cache\firebase\emulators\ui-v1.15.0\server\server.mjs.map
[debug] [2026-10-08T09:51:02.369Z] [unzip] Entry: server/server.mjs (compressed_size=276407 bytes, uncompressed_size=933701 bytes)
[debug] [2026-10-08T09:51:02.369Z] [unzip] Processing entry: server\server.mjs
[debug] [2026-10-08T09:51:02.369Z] [unzip] else mkdir: C:\Users\galla\.cache\firebase\emulators\ui-v1.15.0\server
[debug] [2026-10-08T09:51:02.369Z] [unzip] deflating: C:\Users\galla\.cache\firebase\emulators\ui-v1.15.0\server\server.mjs
[info] i  functions: Watching "C:\Users\galla\OneDrive\Documents\GitHub\shop-xpress\functions" for Cloud Functions... {"metadata":{"emulator":{"name":"functions"},"message":"Watching \"C:\\Users\\galla\\OneDrive\\Documents\\GitHub\\shop-xpress\\functions\" for Cloud Functions..."}}
[debug] [2026-10-08T09:51:02.382Z] Validating nodejs source
[warn] !  functions: package.json indicates an outdated version of firebase-functions. Please upgrade using npm install --save firebase-functions@latest in your functions directory. 
[warn] !  functions: Please note that there will be breaking changes when you upgrade. 
[debug] [2026-10-08T09:51:03.561Z] > [functions] package.json contents: {
  "name": "functions",
  "description": "Cloud Functions for Firebase",
  "scripts": {
    "serve": "firebase emulators:start --only functions",
    "shell": "firebase functions:shell",
    "start": "npm run shell",
    "deploy": "firebase deploy --only functions",
    "logs": "firebase functions:log"
  },
  "engines": {
    "node": "18"
  },
  "main": "index.js",
  "dependencies": {
    "cors": "^2.8.5",
    "express": "^4.18.2",
    "express-rate-limit": "^7.1.1",
    "firebase-admin": "^11.11.0",
    "firebase-functions": "^4.3.1"
  },
  "private": true
}
[debug] [2026-10-08T09:51:03.562Z] Building nodejs source
[debug] [2026-10-08T09:51:03.562Z] Failed to find version of module node: reached end of search path C:\Users\galla\OneDrive\Documents\GitHub\shop-xpress\functions\node_modules
[warn] !  functions: Your requested "node" version "18" doesn't match your global version "24". Using node@24 from host. 
[info] i  functions: You are using a version of firebase-functions SDK (4.9.0) that does not have support for the newest Firebase Extensions features. Please update firebase-functions SDK to >=5.1.0 to use them correctly 
[debug] [2026-10-08T09:51:03.564Z] Could not find functions.yaml. Must use http discovery
[debug] [2026-10-08T09:51:03.571Z] Found firebase-functions binary at 'C:\Users\galla\OneDrive\Documents\GitHub\shop-xpress\functions\node_modules\.bin\firebase-functions'
[info] Serving at port 8196

[debug] [2026-10-08T09:51:09.259Z] Got response from /__/functions.yaml {"endpoints":{"api":{"platform":"gcfv1","availableMemoryMb":null,"timeoutSeconds":null,"minInstances":null,"maxInstances":null,"ingressSettings":null,"serviceAccountEmail":null,"vpc":null,"httpsTrigger":{},"entryPoint":"api"}},"specVersion":"v1alpha1","requiredAPIs":[]}
[info] +  functions: Loaded functions definitions from source: api. {"metadata":{"emulator":{"name":"functions"},"message":"Loaded functions definitions from source: api."}}
[info] +  functions[us-central1-api]: http function initialized (http://127.0.0.1:5001/demo-no-project/us-central1/api). {"metadata":{"emulator":{"name":"functions"},"message":"\u001b[1mhttp\u001b[22m function initialized (http://127.0.0.1:5001/demo-no-project/us-central1/api)."}}
[debug] [2026-10-08T09:51:12.302Z] Could not find VSCode notification endpoint: TypeError: fetch failed. If you are not running the Firebase SQL Connect VSCode extension, this is expected and not an issue.
[info] 
┌─────────────────────────────────────────────────────────────┐
│ ✔  All emulators ready! It is now safe to connect your app. │
│ i  View Emulator UI at http://127.0.0.1:4000/               │
└─────────────────────────────────────────────────────────────┘

┌───────────┬────────────────┬─────────────────────────────────┐
│ Emulator  │ Host:Port      │ View in Emulator UI             │
├───────────┼────────────────┼─────────────────────────────────┤
│ Functions │ 127.0.0.1:5001 │ http://127.0.0.1:4000/functions │
└───────────┴────────────────┴─────────────────────────────────┘
  Emulator Hub host: 127.0.0.1 port: 4400
  Other reserved ports: 4500

Issues? Report them at https://github.com/firebase/firebase-tools/issues and attach the *-debug.log files.
 
[debug] [2026-10-08T09:51:44.806Z] Functions emulator received unknown request at path /shopxpress-76296/us-central1/api/addInventory
[debug] [2026-10-08T09:51:45.019Z] Functions emulator received unknown request at path /favicon.ico
[debug] [2026-10-08T09:52:14.507Z] [work-queue] {"queuedWork":["/demo-no-project/us-central1/api/addInventory-2026-10-08T09:52:14.506Z"],"queueLength":1,"runningWork":[],"workRunningCount":0}
[debug] [2026-10-08T09:52:14.507Z] [work-queue] {"queuedWork":[],"queueLength":0,"runningWork":["/demo-no-project/us-central1/api/addInventory-2026-10-08T09:52:14.506Z"],"workRunningCount":1}
[debug] [2026-10-08T09:52:14.508Z] Accepted request GET /demo-no-project/us-central1/api/addInventory --> us-central1-api
[debug] [2026-10-08T09:52:14.509Z] [functions] Runtime ready! Sending request! {"metadata":{"emulator":{"name":"functions"},"message":"[functions] Runtime ready! Sending request!"}}
[debug] [2026-10-08T09:52:14.510Z] [functions] Got req.url=/demo-no-project/us-central1/api/addInventory, mapping to path=/addInventory {"metadata":{"emulator":{"name":"functions"},"message":"[functions] Got req.url=/demo-no-project/us-central1/api/addInventory, mapping to path=/addInventory"}}
[debug] [2026-10-08T09:52:14.521Z] [worker-pool] addWorker(us-central1-api) {"metadata":{"emulator":{"name":"functions"},"message":"[worker-pool] addWorker(us-central1-api)"}}
[debug] [2026-10-08T09:52:14.522Z] [worker-pool] Adding worker with key us-central1-api, total=1 {"metadata":{"emulator":{"name":"functions"},"message":"[worker-pool] Adding worker with key us-central1-api, total=1"}}
[debug] [2026-10-08T09:52:15.559Z] [runtime-status] [1088] Resolved module firebase-admin {"declared":true,"installed":true,"version":"11.11.1","resolution":"C:\\Users\\galla\\OneDrive\\Documents\\GitHub\\shop-xpress\\functions\\node_modules\\firebase-admin\\lib\\index.js"} {"metadata":{"emulator":{"name":"functions"},"function":{"name":"us-central1-api"},"extension":{},"message":"[runtime-status] [1088] Resolved module firebase-admin {\"declared\":true,\"installed\":true,\"version\":\"11.11.1\",\"resolution\":\"C:\\\\Users\\\\galla\\\\OneDrive\\\\Documents\\\\GitHub\\\\shop-xpress\\\\functions\\\\node_modules\\\\firebase-admin\\\\lib\\\\index.js\"}"}}
[debug] [2026-10-08T09:52:15.559Z] [runtime-status] [1088] Resolved module firebase-functions {"declared":true,"installed":true,"version":"4.9.0","resolution":"C:\\Users\\galla\\OneDrive\\Documents\\GitHub\\shop-xpress\\functions\\node_modules\\firebase-functions\\lib\\v1\\index.js"} {"metadata":{"emulator":{"name":"functions"},"function":{"name":"us-central1-api"},"extension":{},"message":"[runtime-status] [1088] Resolved module firebase-functions {\"declared\":true,\"installed\":true,\"version\":\"4.9.0\",\"resolution\":\"C:\\\\Users\\\\galla\\\\OneDrive\\\\Documents\\\\GitHub\\\\shop-xpress\\\\functions\\\\node_modules\\\\firebase-functions\\\\lib\\\\v1\\\\index.js\"}"}}
[debug] [2026-10-08T09:52:15.559Z] [runtime-status] [1088] Outgoing network have been stubbed. [{"name":"http","status":"mocked"},{"name":"http","status":"mocked"},{"name":"https","status":"mocked"},{"name":"https","status":"mocked"},{"name":"net","status":"mocked"}] {"metadata":{"emulator":{"name":"functions"},"function":{"name":"us-central1-api"},"extension":{},"message":"[runtime-status] [1088] Outgoing network have been stubbed. [{\"name\":\"http\",\"status\":\"mocked\"},{\"name\":\"http\",\"status\":\"mocked\"},{\"name\":\"https\",\"status\":\"mocked\"},{\"name\":\"https\",\"status\":\"mocked\"},{\"name\":\"net\",\"status\":\"mocked\"}]"}}
[debug] [2026-10-08T09:52:15.560Z] [runtime-status] [1088] Resolved module firebase-functions {"declared":true,"installed":true,"version":"4.9.0","resolution":"C:\\Users\\galla\\OneDrive\\Documents\\GitHub\\shop-xpress\\functions\\node_modules\\firebase-functions\\lib\\v1\\index.js"} {"metadata":{"emulator":{"name":"functions"},"function":{"name":"us-central1-api"},"extension":{},"message":"[runtime-status] [1088] Resolved module firebase-functions {\"declared\":true,\"installed\":true,\"version\":\"4.9.0\",\"resolution\":\"C:\\\\Users\\\\galla\\\\OneDrive\\\\Documents\\\\GitHub\\\\shop-xpress\\\\functions\\\\node_modules\\\\firebase-functions\\\\lib\\\\v1\\\\index.js\"}"}}
[debug] [2026-10-08T09:52:15.697Z] [runtime-status] [1088] Resolved module firebase-admin {"declared":true,"installed":true,"version":"11.11.1","resolution":"C:\\Users\\galla\\OneDrive\\Documents\\GitHub\\shop-xpress\\functions\\node_modules\\firebase-admin\\lib\\index.js"} {"metadata":{"emulator":{"name":"functions"},"function":{"name":"us-central1-api"},"extension":{},"message":"[runtime-status] [1088] Resolved module firebase-admin {\"declared\":true,\"installed\":true,\"version\":\"11.11.1\",\"resolution\":\"C:\\\\Users\\\\galla\\\\OneDrive\\\\Documents\\\\GitHub\\\\shop-xpress\\\\functions\\\\node_modules\\\\firebase-admin\\\\lib\\\\index.js\"}"}}
[debug] [2026-10-08T09:52:15.700Z] [runtime-status] [1088] Resolved module firebase-functions {"declared":true,"installed":true,"version":"4.9.0","resolution":"C:\\Users\\galla\\OneDrive\\Documents\\GitHub\\shop-xpress\\functions\\node_modules\\firebase-functions\\lib\\v1\\index.js"} {"metadata":{"emulator":{"name":"functions"},"function":{"name":"us-central1-api"},"extension":{},"message":"[runtime-status] [1088] Resolved module firebase-functions {\"declared\":true,\"installed\":true,\"version\":\"4.9.0\",\"resolution\":\"C:\\\\Users\\\\galla\\\\OneDrive\\\\Documents\\\\GitHub\\\\shop-xpress\\\\functions\\\\node_modules\\\\firebase-functions\\\\lib\\\\v1\\\\index.js\"}"}}
[debug] [2026-10-08T09:52:15.790Z] [runtime-status] [1088] firebase-admin has been stubbed. {"adminResolution":{"declared":true,"installed":true,"version":"11.11.1","resolution":"C:\\Users\\galla\\OneDrive\\Documents\\GitHub\\shop-xpress\\functions\\node_modules\\firebase-admin\\lib\\index.js"}} {"metadata":{"emulator":{"name":"functions"},"function":{"name":"us-central1-api"},"extension":{},"message":"[runtime-status] [1088] firebase-admin has been stubbed. {\"adminResolution\":{\"declared\":true,\"installed\":true,\"version\":\"11.11.1\",\"resolution\":\"C:\\\\Users\\\\galla\\\\OneDrive\\\\Documents\\\\GitHub\\\\shop-xpress\\\\functions\\\\node_modules\\\\firebase-admin\\\\lib\\\\index.js\"}}"}}
[debug] [2026-10-08T09:52:15.922Z] [runtime-status] [1088] initializeApp(DEFAULT) {"storageBucket":"demo-no-project.appspot.com","databaseURL":"https://demo-no-project.firebaseio.com","projectId":"demo-no-project"} {"metadata":{"emulator":{"name":"functions"},"function":{"name":"us-central1-api"},"extension":{},"message":"[runtime-status] [1088] initializeApp(DEFAULT) {\"storageBucket\":\"demo-no-project.appspot.com\",\"databaseURL\":\"https://demo-no-project.firebaseio.com\",\"projectId\":\"demo-no-project\"}"}}
[debug] [2026-10-08T09:52:15.932Z] [runtime-status] [1088] Functions runtime initialized. {"cwd":"C:\\Users\\galla\\OneDrive\\Documents\\GitHub\\shop-xpress\\functions","node_version":"24.20.0"} {"metadata":{"emulator":{"name":"functions"},"function":{"name":"us-central1-api"},"extension":{},"message":"[runtime-status] [1088] Functions runtime initialized. {\"cwd\":\"C:\\\\Users\\\\galla\\\\OneDrive\\\\Documents\\\\GitHub\\\\shop-xpress\\\\functions\",\"node_version\":\"24.20.0\"}"}}
[debug] [2026-10-08T09:52:15.933Z] [runtime-status] [1088] Listening to port: \\?\pipe\fire_emu_96b394bca7e411ad {"metadata":{"emulator":{"name":"functions"},"function":{"name":"us-central1-api"},"extension":{},"message":"[runtime-status] [1088] Listening to port: \\\\?\\pipe\\fire_emu_96b394bca7e411ad"}}
[debug] [2026-10-08T09:52:15.960Z] [worker-us-central1-api-07985bf9-1679-459d-95cf-b660142e9961]: IDLE {"metadata":{"emulator":{"name":"functions"},"function":{"name":"us-central1-api"},"extension":{},"message":"[worker-us-central1-api-07985bf9-1679-459d-95cf-b660142e9961]: IDLE"}}
[debug] [2026-10-08T09:52:15.961Z] [worker-pool] submitRequest(triggerId=us-central1-api) {"metadata":{"emulator":{"name":"functions"},"message":"[worker-pool] submitRequest(triggerId=us-central1-api)"}}
[info] i  functions: Beginning execution of "us-central1-api" {"metadata":{"emulator":{"name":"functions"},"function":{"name":"us-central1-api"},"extension":{},"message":"Beginning execution of \"us-central1-api\""}}
[debug] [2026-10-08T09:52:15.962Z] [worker-us-central1-api-07985bf9-1679-459d-95cf-b660142e9961]: BUSY {"metadata":{"emulator":{"name":"functions"},"function":{"name":"us-central1-api"},"extension":{},"message":"[worker-us-central1-api-07985bf9-1679-459d-95cf-b660142e9961]: BUSY"}}
[info] >  ValidationError: An undefined 'request.ip' was detected. This might indicate a misconfiguration or the connection being destroyed prematurely. See https://express-rate-limit.github.io/ERR_ERL_UNDEFINED_IP_ADDRESS/ for more information. {"user":"ValidationError: An undefined 'request.ip' was detected. This might indicate a misconfiguration or the connection being destroyed prematurely. See https://express-rate-limit.github.io/ERR_ERL_UNDEFINED_IP_ADDRESS/ for more information.","metadata":{"emulator":{"name":"functions"},"function":{"name":"us-central1-api"},"extension":{},"message":"\u001b[90m> \u001b[39m ValidationError: An undefined 'request.ip' was detected. This might indicate a misconfiguration or the connection being destroyed prematurely. See https://express-rate-limit.github.io/ERR_ERL_UNDEFINED_IP_ADDRESS/ for more information."}}
[info] >      at Object.ip (C:\Users\galla\OneDrive\Documents\GitHub\shop-xpress\functions\node_modules\express-rate-limit\dist\index.cjs:144:13) {"user":"    at Object.ip (C:\\Users\\galla\\OneDrive\\Documents\\GitHub\\shop-xpress\\functions\\node_modules\\express-rate-limit\\dist\\index.cjs:144:13)","metadata":{"emulator":{"name":"functions"},"function":{"name":"us-central1-api"},"extension":{},"message":"\u001b[90m> \u001b[39m     at Object.ip (C:\\Users\\galla\\OneDrive\\Documents\\GitHub\\shop-xpress\\functions\\node_modules\\express-rate-limit\\dist\\index.cjs:144:13)"}}
[info] >      at wrappedValidations.<computed> [as ip] (C:\Users\galla\OneDrive\Documents\GitHub\shop-xpress\functions\node_modules\express-rate-limit\dist\index.cjs:397:22) {"user":"    at wrappedValidations.<computed> [as ip] (C:\\Users\\galla\\OneDrive\\Documents\\GitHub\\shop-xpress\\functions\\node_modules\\express-rate-limit\\dist\\index.cjs:397:22)","metadata":{"emulator":{"name":"functions"},"function":{"name":"us-central1-api"},"extension":{},"message":"\u001b[90m> \u001b[39m     at wrappedValidations.<computed> [as ip] (C:\\Users\\galla\\OneDrive\\Documents\\GitHub\\shop-xpress\\functions\\node_modules\\express-rate-limit\\dist\\index.cjs:397:22)"}}
[info] >      at Object.keyGenerator (C:\Users\galla\OneDrive\Documents\GitHub\shop-xpress\functions\node_modules\express-rate-limit\dist\index.cjs:656:20) {"user":"    at Object.keyGenerator (C:\\Users\\galla\\OneDrive\\Documents\\GitHub\\shop-xpress\\functions\\node_modules\\express-rate-limit\\dist\\index.cjs:656:20)","metadata":{"emulator":{"name":"functions"},"function":{"name":"us-central1-api"},"extension":{},"message":"\u001b[90m> \u001b[39m     at Object.keyGenerator (C:\\Users\\galla\\OneDrive\\Documents\\GitHub\\shop-xpress\\functions\\node_modules\\express-rate-limit\\dist\\index.cjs:656:20)"}}
[info] >      at C:\Users\galla\OneDrive\Documents\GitHub\shop-xpress\functions\node_modules\express-rate-limit\dist\index.cjs:710:32 {"user":"    at C:\\Users\\galla\\OneDrive\\Documents\\GitHub\\shop-xpress\\functions\\node_modules\\express-rate-limit\\dist\\index.cjs:710:32","metadata":{"emulator":{"name":"functions"},"function":{"name":"us-central1-api"},"extension":{},"message":"\u001b[90m> \u001b[39m     at C:\\Users\\galla\\OneDrive\\Documents\\GitHub\\shop-xpress\\functions\\node_modules\\express-rate-limit\\dist\\index.cjs:710:32"}}
[info] >      at process.processTicksAndRejections (node:internal/process/task_queues:104:5) {"user":"    at process.processTicksAndRejections (node:internal/process/task_queues:104:5)","metadata":{"emulator":{"name":"functions"},"function":{"name":"us-central1-api"},"extension":{},"message":"\u001b[90m> \u001b[39m     at process.processTicksAndRejections (node:internal/process/task_queues:104:5)"}}
[info] >      at async C:\Users\galla\OneDrive\Documents\GitHub\shop-xpress\functions\node_modules\express-rate-limit\dist\index.cjs:691:5 { {"user":"    at async C:\\Users\\galla\\OneDrive\\Documents\\GitHub\\shop-xpress\\functions\\node_modules\\express-rate-limit\\dist\\index.cjs:691:5 {","metadata":{"emulator":{"name":"functions"},"function":{"name":"us-central1-api"},"extension":{},"message":"\u001b[90m> \u001b[39m     at async C:\\Users\\galla\\OneDrive\\Documents\\GitHub\\shop-xpress\\functions\\node_modules\\express-rate-limit\\dist\\index.cjs:691:5 {"}}
[info] >    code: 'ERR_ERL_UNDEFINED_IP_ADDRESS', {"user":"  code: 'ERR_ERL_UNDEFINED_IP_ADDRESS',","metadata":{"emulator":{"name":"functions"},"function":{"name":"us-central1-api"},"extension":{},"message":"\u001b[90m> \u001b[39m   code: 'ERR_ERL_UNDEFINED_IP_ADDRESS',"}}
[info] >    help: 'https://express-rate-limit.github.io/ERR_ERL_UNDEFINED_IP_ADDRESS/' {"user":"  help: 'https://express-rate-limit.github.io/ERR_ERL_UNDEFINED_IP_ADDRESS/'","metadata":{"emulator":{"name":"functions"},"function":{"name":"us-central1-api"},"extension":{},"message":"\u001b[90m> \u001b[39m   help: 'https://express-rate-limit.github.io/ERR_ERL_UNDEFINED_IP_ADDRESS/'"}}
[info] >  } {"user":"}","metadata":{"emulator":{"name":"functions"},"function":{"name":"us-central1-api"},"extension":{},"message":"\u001b[90m> \u001b[39m }"}}
[debug] [2026-10-08T09:52:15.972Z] Finishing up request with event=pause {"metadata":{"emulator":{"name":"functions"},"function":{"name":"us-central1-api"},"extension":{},"message":"Finishing up request with event=pause"}}
[info] i  functions: Finished "us-central1-api" in 9.9188ms {"metadata":{"emulator":{"name":"functions"},"function":{"name":"us-central1-api"},"extension":{},"message":"Finished \"us-central1-api\" in 9.9188ms"}}
[debug] [2026-10-08T09:52:15.972Z] [worker-us-central1-api-07985bf9-1679-459d-95cf-b660142e9961]: IDLE {"metadata":{"emulator":{"name":"functions"},"function":{"name":"us-central1-api"},"extension":{},"message":"[worker-us-central1-api-07985bf9-1679-459d-95cf-b660142e9961]: IDLE"}}
[debug] [2026-10-08T09:52:15.972Z] Finishing up request with event=finish {"metadata":{"emulator":{"name":"functions"},"function":{"name":"us-central1-api"},"extension":{},"message":"Finishing up request with event=finish"}}
[debug] [2026-10-08T09:52:15.973Z] Finishing up request with event=close {"metadata":{"emulator":{"name":"functions"},"function":{"name":"us-central1-api"},"extension":{},"message":"Finishing up request with event=close"}}
[debug] [2026-10-08T09:52:15.973Z] [work-queue] {"queuedWork":[],"queueLength":0,"runningWork":[],"workRunningCount":0}
[debug] [2026-10-08T09:53:59.299Z] File C:\Users\galla\OneDrive\Documents\GitHub\shop-xpress\functions\index.js changed, reloading triggers {"metadata":{"emulator":{"name":"functions"},"message":"File C:\\Users\\galla\\OneDrive\\Documents\\GitHub\\shop-xpress\\functions\\index.js changed, reloading triggers"}}
[debug] [2026-10-08T09:54:00.300Z] Validating nodejs source
[warn] !  functions: package.json indicates an outdated version of firebase-functions. Please upgrade using npm install --save firebase-functions@latest in your functions directory. 
[warn] !  functions: Please note that there will be breaking changes when you upgrade. 
[debug] [2026-10-08T09:54:01.399Z] > [functions] package.json contents: {
  "name": "functions",
  "description": "Cloud Functions for Firebase",
  "scripts": {
    "serve": "firebase emulators:start --only functions",
    "shell": "firebase functions:shell",
    "start": "npm run shell",
    "deploy": "firebase deploy --only functions",
    "logs": "firebase functions:log"
  },
  "engines": {
    "node": "18"
  },
  "main": "index.js",
  "dependencies": {
    "cors": "^2.8.5",
    "express": "^4.18.2",
    "express-rate-limit": "^7.1.1",
    "firebase-admin": "^11.11.0",
    "firebase-functions": "^4.3.1"
  },
  "private": true
}
[debug] [2026-10-08T09:54:01.399Z] Building nodejs source
[debug] [2026-10-08T09:54:01.399Z] Failed to find version of module node: reached end of search path C:\Users\galla\OneDrive\Documents\GitHub\shop-xpress\functions\node_modules
[warn] !  functions: Your requested "node" version "18" doesn't match your global version "24". Using node@24 from host. 
[info] i  functions: You are using a version of firebase-functions SDK (4.9.0) that does not have support for the newest Firebase Extensions features. Please update firebase-functions SDK to >=5.1.0 to use them correctly 
[debug] [2026-10-08T09:54:01.400Z] Could not find functions.yaml. Must use http discovery
[debug] [2026-10-08T09:54:01.406Z] Found firebase-functions binary at 'C:\Users\galla\OneDrive\Documents\GitHub\shop-xpress\functions\node_modules\.bin\firebase-functions'
[info] Serving at port 8640

[debug] [2026-10-08T09:54:01.828Z] Got response from /__/functions.yaml {"endpoints":{"api":{"platform":"gcfv1","availableMemoryMb":null,"timeoutSeconds":null,"minInstances":null,"maxInstances":null,"ingressSettings":null,"serviceAccountEmail":null,"vpc":null,"httpsTrigger":{},"entryPoint":"api"}},"specVersion":"v1alpha1","requiredAPIs":[]}
[info] +  functions: Loaded functions definitions from source: api. {"metadata":{"emulator":{"name":"functions"},"message":"Loaded functions definitions from source: api."}}
[debug] [2026-10-08T09:54:04.868Z] [worker-pool] Shutting down IDLE worker (us-central1-api) {"metadata":{"emulator":{"name":"functions"},"message":"[worker-pool] Shutting down IDLE worker (us-central1-api)"}}
[debug] [2026-10-08T09:54:04.868Z] [worker-us-central1-api-07985bf9-1679-459d-95cf-b660142e9961]: FINISHING {"metadata":{"emulator":{"name":"functions"},"function":{"name":"us-central1-api"},"extension":{},"message":"[worker-us-central1-api-07985bf9-1679-459d-95cf-b660142e9961]: FINISHING"}}
[debug] [2026-10-08T09:54:04.887Z] [worker-us-central1-api-07985bf9-1679-459d-95cf-b660142e9961]: exited {"metadata":{"emulator":{"name":"functions"},"function":{"name":"us-central1-api"},"extension":{},"message":"[worker-us-central1-api-07985bf9-1679-459d-95cf-b660142e9961]: exited"}}
[debug] [2026-10-08T09:54:04.887Z] [worker-us-central1-api-07985bf9-1679-459d-95cf-b660142e9961]: FINISHED {"metadata":{"emulator":{"name":"functions"},"function":{"name":"us-central1-api"},"extension":{},"message":"[worker-us-central1-api-07985bf9-1679-459d-95cf-b660142e9961]: FINISHED"}}
[debug] [2026-10-08T09:54:10.942Z] [work-queue] {"queuedWork":["/demo-no-project/us-central1/api/-2026-10-08T09:54:10.942Z"],"queueLength":1,"runningWork":[],"workRunningCount":0}
[debug] [2026-10-08T09:54:10.942Z] [work-queue] {"queuedWork":[],"queueLength":0,"runningWork":["/demo-no-project/us-central1/api/-2026-10-08T09:54:10.942Z"],"workRunningCount":1}
[debug] [2026-10-08T09:54:10.942Z] Accepted request GET /demo-no-project/us-central1/api/ --> us-central1-api
[debug] [2026-10-08T09:54:10.944Z] [functions] Runtime ready! Sending request! {"metadata":{"emulator":{"name":"functions"},"message":"[functions] Runtime ready! Sending request!"}}
[debug] [2026-10-08T09:54:10.944Z] [functions] Got req.url=/demo-no-project/us-central1/api/, mapping to path=/ {"metadata":{"emulator":{"name":"functions"},"message":"[functions] Got req.url=/demo-no-project/us-central1/api/, mapping to path=/"}}
[debug] [2026-10-08T09:54:10.944Z] [worker-pool] Cleaned up workers for us-central1-api: 1 --> 0 {"metadata":{"emulator":{"name":"functions"},"message":"[worker-pool] Cleaned up workers for us-central1-api: 1 --> 0"}}
[debug] [2026-10-08T09:54:10.953Z] [worker-pool] addWorker(us-central1-api) {"metadata":{"emulator":{"name":"functions"},"message":"[worker-pool] addWorker(us-central1-api)"}}
[debug] [2026-10-08T09:54:10.953Z] [worker-pool] Adding worker with key us-central1-api, total=1 {"metadata":{"emulator":{"name":"functions"},"message":"[worker-pool] Adding worker with key us-central1-api, total=1"}}
[debug] [2026-10-08T09:54:12.030Z] [runtime-status] [18144] Resolved module firebase-admin {"declared":true,"installed":true,"version":"11.11.1","resolution":"C:\\Users\\galla\\OneDrive\\Documents\\GitHub\\shop-xpress\\functions\\node_modules\\firebase-admin\\lib\\index.js"} {"metadata":{"emulator":{"name":"functions"},"function":{"name":"us-central1-api"},"extension":{},"message":"[runtime-status] [18144] Resolved module firebase-admin {\"declared\":true,\"installed\":true,\"version\":\"11.11.1\",\"resolution\":\"C:\\\\Users\\\\galla\\\\OneDrive\\\\Documents\\\\GitHub\\\\shop-xpress\\\\functions\\\\node_modules\\\\firebase-admin\\\\lib\\\\index.js\"}"}}
[debug] [2026-10-08T09:54:12.031Z] [runtime-status] [18144] Resolved module firebase-functions {"declared":true,"installed":true,"version":"4.9.0","resolution":"C:\\Users\\galla\\OneDrive\\Documents\\GitHub\\shop-xpress\\functions\\node_modules\\firebase-functions\\lib\\v1\\index.js"} {"metadata":{"emulator":{"name":"functions"},"function":{"name":"us-central1-api"},"extension":{},"message":"[runtime-status] [18144] Resolved module firebase-functions {\"declared\":true,\"installed\":true,\"version\":\"4.9.0\",\"resolution\":\"C:\\\\Users\\\\galla\\\\OneDrive\\\\Documents\\\\GitHub\\\\shop-xpress\\\\functions\\\\node_modules\\\\firebase-functions\\\\lib\\\\v1\\\\index.js\"}"}}
[debug] [2026-10-08T09:54:12.031Z] [runtime-status] [18144] Outgoing network have been stubbed. [{"name":"http","status":"mocked"},{"name":"http","status":"mocked"},{"name":"https","status":"mocked"},{"name":"https","status":"mocked"},{"name":"net","status":"mocked"}] {"metadata":{"emulator":{"name":"functions"},"function":{"name":"us-central1-api"},"extension":{},"message":"[runtime-status] [18144] Outgoing network have been stubbed. [{\"name\":\"http\",\"status\":\"mocked\"},{\"name\":\"http\",\"status\":\"mocked\"},{\"name\":\"https\",\"status\":\"mocked\"},{\"name\":\"https\",\"status\":\"mocked\"},{\"name\":\"net\",\"status\":\"mocked\"}]"}}
[debug] [2026-10-08T09:54:12.032Z] [runtime-status] [18144] Resolved module firebase-functions {"declared":true,"installed":true,"version":"4.9.0","resolution":"C:\\Users\\galla\\OneDrive\\Documents\\GitHub\\shop-xpress\\functions\\node_modules\\firebase-functions\\lib\\v1\\index.js"} {"metadata":{"emulator":{"name":"functions"},"function":{"name":"us-central1-api"},"extension":{},"message":"[runtime-status] [18144] Resolved module firebase-functions {\"declared\":true,\"installed\":true,\"version\":\"4.9.0\",\"resolution\":\"C:\\\\Users\\\\galla\\\\OneDrive\\\\Documents\\\\GitHub\\\\shop-xpress\\\\functions\\\\node_modules\\\\firebase-functions\\\\lib\\\\v1\\\\index.js\"}"}}
[debug] [2026-10-08T09:54:12.165Z] [runtime-status] [18144] Resolved module firebase-admin {"declared":true,"installed":true,"version":"11.11.1","resolution":"C:\\Users\\galla\\OneDrive\\Documents\\GitHub\\shop-xpress\\functions\\node_modules\\firebase-admin\\lib\\index.js"} {"metadata":{"emulator":{"name":"functions"},"function":{"name":"us-central1-api"},"extension":{},"message":"[runtime-status] [18144] Resolved module firebase-admin {\"declared\":true,\"installed\":true,\"version\":\"11.11.1\",\"resolution\":\"C:\\\\Users\\\\galla\\\\OneDrive\\\\Documents\\\\GitHub\\\\shop-xpress\\\\functions\\\\node_modules\\\\firebase-admin\\\\lib\\\\index.js\"}"}}
[debug] [2026-10-08T09:54:12.166Z] [runtime-status] [18144] Resolved module firebase-functions {"declared":true,"installed":true,"version":"4.9.0","resolution":"C:\\Users\\galla\\OneDrive\\Documents\\GitHub\\shop-xpress\\functions\\node_modules\\firebase-functions\\lib\\v1\\index.js"} {"metadata":{"emulator":{"name":"functions"},"function":{"name":"us-central1-api"},"extension":{},"message":"[runtime-status] [18144] Resolved module firebase-functions {\"declared\":true,\"installed\":true,\"version\":\"4.9.0\",\"resolution\":\"C:\\\\Users\\\\galla\\\\OneDrive\\\\Documents\\\\GitHub\\\\shop-xpress\\\\functions\\\\node_modules\\\\firebase-functions\\\\lib\\\\v1\\\\index.js\"}"}}
[debug] [2026-10-08T09:54:12.243Z] [runtime-status] [18144] firebase-admin has been stubbed. {"adminResolution":{"declared":true,"installed":true,"version":"11.11.1","resolution":"C:\\Users\\galla\\OneDrive\\Documents\\GitHub\\shop-xpress\\functions\\node_modules\\firebase-admin\\lib\\index.js"}} {"metadata":{"emulator":{"name":"functions"},"function":{"name":"us-central1-api"},"extension":{},"message":"[runtime-status] [18144] firebase-admin has been stubbed. {\"adminResolution\":{\"declared\":true,\"installed\":true,\"version\":\"11.11.1\",\"resolution\":\"C:\\\\Users\\\\galla\\\\OneDrive\\\\Documents\\\\GitHub\\\\shop-xpress\\\\functions\\\\node_modules\\\\firebase-admin\\\\lib\\\\index.js\"}}"}}
[debug] [2026-10-08T09:54:12.352Z] [runtime-status] [18144] initializeApp(DEFAULT) {"storageBucket":"demo-no-project.appspot.com","databaseURL":"https://demo-no-project.firebaseio.com","projectId":"demo-no-project"} {"metadata":{"emulator":{"name":"functions"},"function":{"name":"us-central1-api"},"extension":{},"message":"[runtime-status] [18144] initializeApp(DEFAULT) {\"storageBucket\":\"demo-no-project.appspot.com\",\"databaseURL\":\"https://demo-no-project.firebaseio.com\",\"projectId\":\"demo-no-project\"}"}}
[debug] [2026-10-08T09:54:12.358Z] [runtime-status] [18144] Functions runtime initialized. {"cwd":"C:\\Users\\galla\\OneDrive\\Documents\\GitHub\\shop-xpress\\functions","node_version":"24.20.0"} {"metadata":{"emulator":{"name":"functions"},"function":{"name":"us-central1-api"},"extension":{},"message":"[runtime-status] [18144] Functions runtime initialized. {\"cwd\":\"C:\\\\Users\\\\galla\\\\OneDrive\\\\Documents\\\\GitHub\\\\shop-xpress\\\\functions\",\"node_version\":\"24.20.0\"}"}}
[debug] [2026-10-08T09:54:12.359Z] [runtime-status] [18144] Listening to port: \\?\pipe\fire_emu_440eee5dfe7d28f9 {"metadata":{"emulator":{"name":"functions"},"function":{"name":"us-central1-api"},"extension":{},"message":"[runtime-status] [18144] Listening to port: \\\\?\\pipe\\fire_emu_440eee5dfe7d28f9"}}
[debug] [2026-10-08T09:54:12.470Z] [worker-us-central1-api-cb000ed1-640e-42bc-8908-29faf4dd387e]: IDLE {"metadata":{"emulator":{"name":"functions"},"function":{"name":"us-central1-api"},"extension":{},"message":"[worker-us-central1-api-cb000ed1-640e-42bc-8908-29faf4dd387e]: IDLE"}}
[debug] [2026-10-08T09:54:12.471Z] [worker-pool] submitRequest(triggerId=us-central1-api) {"metadata":{"emulator":{"name":"functions"},"message":"[worker-pool] submitRequest(triggerId=us-central1-api)"}}
[info] i  functions: Beginning execution of "us-central1-api" {"metadata":{"emulator":{"name":"functions"},"function":{"name":"us-central1-api"},"extension":{},"message":"Beginning execution of \"us-central1-api\""}}
[debug] [2026-10-08T09:54:12.471Z] [worker-us-central1-api-cb000ed1-640e-42bc-8908-29faf4dd387e]: BUSY {"metadata":{"emulator":{"name":"functions"},"function":{"name":"us-central1-api"},"extension":{},"message":"[worker-us-central1-api-cb000ed1-640e-42bc-8908-29faf4dd387e]: BUSY"}}
[info] >  ValidationError: An undefined 'request.ip' was detected. This might indicate a misconfiguration or the connection being destroyed prematurely. See https://express-rate-limit.github.io/ERR_ERL_UNDEFINED_IP_ADDRESS/ for more information. {"user":"ValidationError: An undefined 'request.ip' was detected. This might indicate a misconfiguration or the connection being destroyed prematurely. See https://express-rate-limit.github.io/ERR_ERL_UNDEFINED_IP_ADDRESS/ for more information.","metadata":{"emulator":{"name":"functions"},"function":{"name":"us-central1-api"},"extension":{},"message":"\u001b[90m> \u001b[39m ValidationError: An undefined 'request.ip' was detected. This might indicate a misconfiguration or the connection being destroyed prematurely. See https://express-rate-limit.github.io/ERR_ERL_UNDEFINED_IP_ADDRESS/ for more information."}}
[info] >      at Object.ip (C:\Users\galla\OneDrive\Documents\GitHub\shop-xpress\functions\node_modules\express-rate-limit\dist\index.cjs:144:13) {"user":"    at Object.ip (C:\\Users\\galla\\OneDrive\\Documents\\GitHub\\shop-xpress\\functions\\node_modules\\express-rate-limit\\dist\\index.cjs:144:13)","metadata":{"emulator":{"name":"functions"},"function":{"name":"us-central1-api"},"extension":{},"message":"\u001b[90m> \u001b[39m     at Object.ip (C:\\Users\\galla\\OneDrive\\Documents\\GitHub\\shop-xpress\\functions\\node_modules\\express-rate-limit\\dist\\index.cjs:144:13)"}}
[info] >      at wrappedValidations.<computed> [as ip] (C:\Users\galla\OneDrive\Documents\GitHub\shop-xpress\functions\node_modules\express-rate-limit\dist\index.cjs:397:22) {"user":"    at wrappedValidations.<computed> [as ip] (C:\\Users\\galla\\OneDrive\\Documents\\GitHub\\shop-xpress\\functions\\node_modules\\express-rate-limit\\dist\\index.cjs:397:22)","metadata":{"emulator":{"name":"functions"},"function":{"name":"us-central1-api"},"extension":{},"message":"\u001b[90m> \u001b[39m     at wrappedValidations.<computed> [as ip] (C:\\Users\\galla\\OneDrive\\Documents\\GitHub\\shop-xpress\\functions\\node_modules\\express-rate-limit\\dist\\index.cjs:397:22)"}}
[info] >      at Object.keyGenerator (C:\Users\galla\OneDrive\Documents\GitHub\shop-xpress\functions\node_modules\express-rate-limit\dist\index.cjs:656:20) {"user":"    at Object.keyGenerator (C:\\Users\\galla\\OneDrive\\Documents\\GitHub\\shop-xpress\\functions\\node_modules\\express-rate-limit\\dist\\index.cjs:656:20)","metadata":{"emulator":{"name":"functions"},"function":{"name":"us-central1-api"},"extension":{},"message":"\u001b[90m> \u001b[39m     at Object.keyGenerator (C:\\Users\\galla\\OneDrive\\Documents\\GitHub\\shop-xpress\\functions\\node_modules\\express-rate-limit\\dist\\index.cjs:656:20)"}}
[info] >      at C:\Users\galla\OneDrive\Documents\GitHub\shop-xpress\functions\node_modules\express-rate-limit\dist\index.cjs:710:32 {"user":"    at C:\\Users\\galla\\OneDrive\\Documents\\GitHub\\shop-xpress\\functions\\node_modules\\express-rate-limit\\dist\\index.cjs:710:32","metadata":{"emulator":{"name":"functions"},"function":{"name":"us-central1-api"},"extension":{},"message":"\u001b[90m> \u001b[39m     at C:\\Users\\galla\\OneDrive\\Documents\\GitHub\\shop-xpress\\functions\\node_modules\\express-rate-limit\\dist\\index.cjs:710:32"}}
[info] >      at process.processTicksAndRejections (node:internal/process/task_queues:104:5) {"user":"    at process.processTicksAndRejections (node:internal/process/task_queues:104:5)","metadata":{"emulator":{"name":"functions"},"function":{"name":"us-central1-api"},"extension":{},"message":"\u001b[90m> \u001b[39m     at process.processTicksAndRejections (node:internal/process/task_queues:104:5)"}}
[info] >      at async C:\Users\galla\OneDrive\Documents\GitHub\shop-xpress\functions\node_modules\express-rate-limit\dist\index.cjs:691:5 { {"user":"    at async C:\\Users\\galla\\OneDrive\\Documents\\GitHub\\shop-xpress\\functions\\node_modules\\express-rate-limit\\dist\\index.cjs:691:5 {","metadata":{"emulator":{"name":"functions"},"function":{"name":"us-central1-api"},"extension":{},"message":"\u001b[90m> \u001b[39m     at async C:\\Users\\galla\\OneDrive\\Documents\\GitHub\\shop-xpress\\functions\\node_modules\\express-rate-limit\\dist\\index.cjs:691:5 {"}}
[info] >    code: 'ERR_ERL_UNDEFINED_IP_ADDRESS', {"user":"  code: 'ERR_ERL_UNDEFINED_IP_ADDRESS',","metadata":{"emulator":{"name":"functions"},"function":{"name":"us-central1-api"},"extension":{},"message":"\u001b[90m> \u001b[39m   code: 'ERR_ERL_UNDEFINED_IP_ADDRESS',"}}
[info] >    help: 'https://express-rate-limit.github.io/ERR_ERL_UNDEFINED_IP_ADDRESS/' {"user":"  help: 'https://express-rate-limit.github.io/ERR_ERL_UNDEFINED_IP_ADDRESS/'","metadata":{"emulator":{"name":"functions"},"function":{"name":"us-central1-api"},"extension":{},"message":"\u001b[90m> \u001b[39m   help: 'https://express-rate-limit.github.io/ERR_ERL_UNDEFINED_IP_ADDRESS/'"}}
[info] >  } {"user":"}","metadata":{"emulator":{"name":"functions"},"function":{"name":"us-central1-api"},"extension":{},"message":"\u001b[90m> \u001b[39m }"}}
[debug] [2026-10-08T09:54:12.478Z] Finishing up request with event=pause {"metadata":{"emulator":{"name":"functions"},"function":{"name":"us-central1-api"},"extension":{},"message":"Finishing up request with event=pause"}}
[info] i  functions: Finished "us-central1-api" in 6.8052ms {"metadata":{"emulator":{"name":"functions"},"function":{"name":"us-central1-api"},"extension":{},"message":"Finished \"us-central1-api\" in 6.8052ms"}}
[debug] [2026-10-08T09:54:12.478Z] [worker-us-central1-api-cb000ed1-640e-42bc-8908-29faf4dd387e]: IDLE {"metadata":{"emulator":{"name":"functions"},"function":{"name":"us-central1-api"},"extension":{},"message":"[worker-us-central1-api-cb000ed1-640e-42bc-8908-29faf4dd387e]: IDLE"}}
[debug] [2026-10-08T09:54:12.478Z] Finishing up request with event=finish {"metadata":{"emulator":{"name":"functions"},"function":{"name":"us-central1-api"},"extension":{},"message":"Finishing up request with event=finish"}}
[debug] [2026-10-08T09:54:12.478Z] Finishing up request with event=close {"metadata":{"emulator":{"name":"functions"},"function":{"name":"us-central1-api"},"extension":{},"message":"Finishing up request with event=close"}}
[debug] [2026-10-08T09:54:12.478Z] [work-queue] {"queuedWork":[],"queueLength":0,"runningWork":[],"workRunningCount":0}
[debug] [2026-10-08T09:54:16.585Z] [work-queue] {"queuedWork":["/demo-no-project/us-central1/api/-2026-10-08T09:54:16.585Z"],"queueLength":1,"runningWork":[],"workRunningCount":0}
[debug] [2026-10-08T09:54:16.585Z] [work-queue] {"queuedWork":[],"queueLength":0,"runningWork":["/demo-no-project/us-central1/api/-2026-10-08T09:54:16.585Z"],"workRunningCount":1}
[debug] [2026-10-08T09:54:16.585Z] Accepted request GET /demo-no-project/us-central1/api/ --> us-central1-api
[debug] [2026-10-08T09:54:16.586Z] [functions] Runtime ready! Sending request! {"metadata":{"emulator":{"name":"functions"},"message":"[functions] Runtime ready! Sending request!"}}
[debug] [2026-10-08T09:54:16.587Z] [functions] Got req.url=/demo-no-project/us-central1/api/, mapping to path=/ {"metadata":{"emulator":{"name":"functions"},"message":"[functions] Got req.url=/demo-no-project/us-central1/api/, mapping to path=/"}}
[debug] [2026-10-08T09:54:16.587Z] [worker-pool] submitRequest(triggerId=us-central1-api) {"metadata":{"emulator":{"name":"functions"},"message":"[worker-pool] submitRequest(triggerId=us-central1-api)"}}
[info] i  functions: Beginning execution of "us-central1-api" {"metadata":{"emulator":{"name":"functions"},"function":{"name":"us-central1-api"},"extension":{},"message":"Beginning execution of \"us-central1-api\""}}
[debug] [2026-10-08T09:54:16.587Z] [worker-us-central1-api-cb000ed1-640e-42bc-8908-29faf4dd387e]: BUSY {"metadata":{"emulator":{"name":"functions"},"function":{"name":"us-central1-api"},"extension":{},"message":"[worker-us-central1-api-cb000ed1-640e-42bc-8908-29faf4dd387e]: BUSY"}}
[debug] [2026-10-08T09:54:16.590Z] Finishing up request with event=pause {"metadata":{"emulator":{"name":"functions"},"function":{"name":"us-central1-api"},"extension":{},"message":"Finishing up request with event=pause"}}
[info] i  functions: Finished "us-central1-api" in 3.2809ms {"metadata":{"emulator":{"name":"functions"},"function":{"name":"us-central1-api"},"extension":{},"message":"Finished \"us-central1-api\" in 3.2809ms"}}
[debug] [2026-10-08T09:54:16.591Z] [worker-us-central1-api-cb000ed1-640e-42bc-8908-29faf4dd387e]: IDLE {"metadata":{"emulator":{"name":"functions"},"function":{"name":"us-central1-api"},"extension":{},"message":"[worker-us-central1-api-cb000ed1-640e-42bc-8908-29faf4dd387e]: IDLE"}}
[debug] [2026-10-08T09:54:16.591Z] Finishing up request with event=finish {"metadata":{"emulator":{"name":"functions"},"function":{"name":"us-central1-api"},"extension":{},"message":"Finishing up request with event=finish"}}
[debug] [2026-10-08T09:54:16.591Z] Finishing up request with event=close {"metadata":{"emulator":{"name":"functions"},"function":{"name":"us-central1-api"},"extension":{},"message":"Finishing up request with event=close"}}
[debug] [2026-10-08T09:54:16.591Z] [work-queue] {"queuedWork":[],"queueLength":0,"runningWork":[],"workRunningCount":0}
[debug] [2026-10-08T09:54:17.293Z] [work-queue] {"queuedWork":["/demo-no-project/us-central1/api/-2026-10-08T09:54:17.293Z"],"queueLength":1,"runningWork":[],"workRunningCount":0}
[debug] [2026-10-08T09:54:17.293Z] [work-queue] {"queuedWork":[],"queueLength":0,"runningWork":["/demo-no-project/us-central1/api/-2026-10-08T09:54:17.293Z"],"workRunningCount":1}
[debug] [2026-10-08T09:54:17.293Z] Accepted request GET /demo-no-project/us-central1/api/ --> us-central1-api
[debug] [2026-10-08T09:54:17.294Z] [functions] Runtime ready! Sending request! {"metadata":{"emulator":{"name":"functions"},"message":"[functions] Runtime ready! Sending request!"}}
[debug] [2026-10-08T09:54:17.294Z] [functions] Got req.url=/demo-no-project/us-central1/api/, mapping to path=/ {"metadata":{"emulator":{"name":"functions"},"message":"[functions] Got req.url=/demo-no-project/us-central1/api/, mapping to path=/"}}
[debug] [2026-10-08T09:54:17.294Z] [worker-pool] submitRequest(triggerId=us-central1-api) {"metadata":{"emulator":{"name":"functions"},"message":"[worker-pool] submitRequest(triggerId=us-central1-api)"}}
[info] i  functions: Beginning execution of "us-central1-api" {"metadata":{"emulator":{"name":"functions"},"function":{"name":"us-central1-api"},"extension":{},"message":"Beginning execution of \"us-central1-api\""}}
[debug] [2026-10-08T09:54:17.294Z] [worker-us-central1-api-cb000ed1-640e-42bc-8908-29faf4dd387e]: BUSY {"metadata":{"emulator":{"name":"functions"},"function":{"name":"us-central1-api"},"extension":{},"message":"[worker-us-central1-api-cb000ed1-640e-42bc-8908-29faf4dd387e]: BUSY"}}
[debug] [2026-10-08T09:54:17.297Z] Finishing up request with event=pause {"metadata":{"emulator":{"name":"functions"},"function":{"name":"us-central1-api"},"extension":{},"message":"Finishing up request with event=pause"}}
[info] i  functions: Finished "us-central1-api" in 2.8281ms {"metadata":{"emulator":{"name":"functions"},"function":{"name":"us-central1-api"},"extension":{},"message":"Finished \"us-central1-api\" in 2.8281ms"}}
[debug] [2026-10-08T09:54:17.297Z] [worker-us-central1-api-cb000ed1-640e-42bc-8908-29faf4dd387e]: IDLE {"metadata":{"emulator":{"name":"functions"},"function":{"name":"us-central1-api"},"extension":{},"message":"[worker-us-central1-api-cb000ed1-640e-42bc-8908-29faf4dd387e]: IDLE"}}
[debug] [2026-10-08T09:54:17.297Z] Finishing up request with event=finish {"metadata":{"emulator":{"name":"functions"},"function":{"name":"us-central1-api"},"extension":{},"message":"Finishing up request with event=finish"}}
[debug] [2026-10-08T09:54:17.298Z] Finishing up request with event=close {"metadata":{"emulator":{"name":"functions"},"function":{"name":"us-central1-api"},"extension":{},"message":"Finishing up request with event=close"}}
[debug] [2026-10-08T09:54:17.298Z] [work-queue] {"queuedWork":[],"queueLength":0,"runningWork":[],"workRunningCount":0}
[debug] [2026-10-08T09:54:17.717Z] [work-queue] {"queuedWork":["/demo-no-project/us-central1/api/-2026-10-08T09:54:17.717Z"],"queueLength":1,"runningWork":[],"workRunningCount":0}
[debug] [2026-10-08T09:54:17.717Z] [work-queue] {"queuedWork":[],"queueLength":0,"runningWork":["/demo-no-project/us-central1/api/-2026-10-08T09:54:17.717Z"],"workRunningCount":1}
[debug] [2026-10-08T09:54:17.717Z] Accepted request GET /demo-no-project/us-central1/api/ --> us-central1-api
[debug] [2026-10-08T09:54:17.718Z] [functions] Runtime ready! Sending request! {"metadata":{"emulator":{"name":"functions"},"message":"[functions] Runtime ready! Sending request!"}}
[debug] [2026-10-08T09:54:17.718Z] [functions] Got req.url=/demo-no-project/us-central1/api/, mapping to path=/ {"metadata":{"emulator":{"name":"functions"},"message":"[functions] Got req.url=/demo-no-project/us-central1/api/, mapping to path=/"}}
[debug] [2026-10-08T09:54:17.719Z] [worker-pool] submitRequest(triggerId=us-central1-api) {"metadata":{"emulator":{"name":"functions"},"message":"[worker-pool] submitRequest(triggerId=us-central1-api)"}}
[info] i  functions: Beginning execution of "us-central1-api" {"metadata":{"emulator":{"name":"functions"},"function":{"name":"us-central1-api"},"extension":{},"message":"Beginning execution of \"us-central1-api\""}}
[debug] [2026-10-08T09:54:17.719Z] [worker-us-central1-api-cb000ed1-640e-42bc-8908-29faf4dd387e]: BUSY {"metadata":{"emulator":{"name":"functions"},"function":{"name":"us-central1-api"},"extension":{},"message":"[worker-us-central1-api-cb000ed1-640e-42bc-8908-29faf4dd387e]: BUSY"}}
[debug] [2026-10-08T09:54:17.721Z] Finishing up request with event=pause {"metadata":{"emulator":{"name":"functions"},"function":{"name":"us-central1-api"},"extension":{},"message":"Finishing up request with event=pause"}}
[info] i  functions: Finished "us-central1-api" in 2.0427ms {"metadata":{"emulator":{"name":"functions"},"function":{"name":"us-central1-api"},"extension":{},"message":"Finished \"us-central1-api\" in 2.0427ms"}}
[debug] [2026-10-08T09:54:17.721Z] [worker-us-central1-api-cb000ed1-640e-42bc-8908-29faf4dd387e]: IDLE {"metadata":{"emulator":{"name":"functions"},"function":{"name":"us-central1-api"},"extension":{},"message":"[worker-us-central1-api-cb000ed1-640e-42bc-8908-29faf4dd387e]: IDLE"}}
[debug] [2026-10-08T09:54:17.721Z] Finishing up request with event=finish {"metadata":{"emulator":{"name":"functions"},"function":{"name":"us-central1-api"},"extension":{},"message":"Finishing up request with event=finish"}}
[debug] [2026-10-08T09:54:17.721Z] Finishing up request with event=close {"metadata":{"emulator":{"name":"functions"},"function":{"name":"us-central1-api"},"extension":{},"message":"Finishing up request with event=close"}}
[debug] [2026-10-08T09:54:17.721Z] [work-queue] {"queuedWork":[],"queueLength":0,"runningWork":[],"workRunningCount":0}
[debug] [2026-10-08T09:54:18.040Z] [work-queue] {"queuedWork":["/demo-no-project/us-central1/api/-2026-10-08T09:54:18.040Z"],"queueLength":1,"runningWork":[],"workRunningCount":0}
[debug] [2026-10-08T09:54:18.040Z] [work-queue] {"queuedWork":[],"queueLength":0,"runningWork":["/demo-no-project/us-central1/api/-2026-10-08T09:54:18.040Z"],"workRunningCount":1}
[debug] [2026-10-08T09:54:18.040Z] Accepted request GET /demo-no-project/us-central1/api/ --> us-central1-api
[debug] [2026-10-08T09:54:18.041Z] [functions] Runtime ready! Sending request! {"metadata":{"emulator":{"name":"functions"},"message":"[functions] Runtime ready! Sending request!"}}
[debug] [2026-10-08T09:54:18.041Z] [functions] Got req.url=/demo-no-project/us-central1/api/, mapping to path=/ {"metadata":{"emulator":{"name":"functions"},"message":"[functions] Got req.url=/demo-no-project/us-central1/api/, mapping to path=/"}}
[debug] [2026-10-08T09:54:18.041Z] [worker-pool] submitRequest(triggerId=us-central1-api) {"metadata":{"emulator":{"name":"functions"},"message":"[worker-pool] submitRequest(triggerId=us-central1-api)"}}
[info] i  functions: Beginning execution of "us-central1-api" {"metadata":{"emulator":{"name":"functions"},"function":{"name":"us-central1-api"},"extension":{},"message":"Beginning execution of \"us-central1-api\""}}
[debug] [2026-10-08T09:54:18.041Z] [worker-us-central1-api-cb000ed1-640e-42bc-8908-29faf4dd387e]: BUSY {"metadata":{"emulator":{"name":"functions"},"function":{"name":"us-central1-api"},"extension":{},"message":"[worker-us-central1-api-cb000ed1-640e-42bc-8908-29faf4dd387e]: BUSY"}}
[debug] [2026-10-08T09:54:18.043Z] Finishing up request with event=pause {"metadata":{"emulator":{"name":"functions"},"function":{"name":"us-central1-api"},"extension":{},"message":"Finishing up request with event=pause"}}
[info] i  functions: Finished "us-central1-api" in 1.9129ms {"metadata":{"emulator":{"name":"functions"},"function":{"name":"us-central1-api"},"extension":{},"message":"Finished \"us-central1-api\" in 1.9129ms"}}
[debug] [2026-10-08T09:54:18.043Z] [worker-us-central1-api-cb000ed1-640e-42bc-8908-29faf4dd387e]: IDLE {"metadata":{"emulator":{"name":"functions"},"function":{"name":"us-central1-api"},"extension":{},"message":"[worker-us-central1-api-cb000ed1-640e-42bc-8908-29faf4dd387e]: IDLE"}}
[debug] [2026-10-08T09:54:18.043Z] Finishing up request with event=finish {"metadata":{"emulator":{"name":"functions"},"function":{"name":"us-central1-api"},"extension":{},"message":"Finishing up request with event=finish"}}
[debug] [2026-10-08T09:54:18.043Z] Finishing up request with event=close {"metadata":{"emulator":{"name":"functions"},"function":{"name":"us-central1-api"},"extension":{},"message":"Finishing up request with event=close"}}
[debug] [2026-10-08T09:54:18.043Z] [work-queue] {"queuedWork":[],"queueLength":0,"runningWork":[],"workRunningCount":0}
[debug] [2026-10-08T09:54:18.377Z] [work-queue] {"queuedWork":["/demo-no-project/us-central1/api/-2026-10-08T09:54:18.377Z"],"queueLength":1,"runningWork":[],"workRunningCount":0}
[debug] [2026-10-08T09:54:18.377Z] [work-queue] {"queuedWork":[],"queueLength":0,"runningWork":["/demo-no-project/us-central1/api/-2026-10-08T09:54:18.377Z"],"workRunningCount":1}
[debug] [2026-10-08T09:54:18.377Z] Accepted request GET /demo-no-project/us-central1/api/ --> us-central1-api
[debug] [2026-10-08T09:54:18.378Z] [functions] Runtime ready! Sending request! {"metadata":{"emulator":{"name":"functions"},"message":"[functions] Runtime ready! Sending request!"}}
[debug] [2026-10-08T09:54:18.379Z] [functions] Got req.url=/demo-no-project/us-central1/api/, mapping to path=/ {"metadata":{"emulator":{"name":"functions"},"message":"[functions] Got req.url=/demo-no-project/us-central1/api/, mapping to path=/"}}
[debug] [2026-10-08T09:54:18.379Z] [worker-pool] submitRequest(triggerId=us-central1-api) {"metadata":{"emulator":{"name":"functions"},"message":"[worker-pool] submitRequest(triggerId=us-central1-api)"}}
[info] i  functions: Beginning execution of "us-central1-api" {"metadata":{"emulator":{"name":"functions"},"function":{"name":"us-central1-api"},"extension":{},"message":"Beginning execution of \"us-central1-api\""}}
[debug] [2026-10-08T09:54:18.379Z] [worker-us-central1-api-cb000ed1-640e-42bc-8908-29faf4dd387e]: BUSY {"metadata":{"emulator":{"name":"functions"},"function":{"name":"us-central1-api"},"extension":{},"message":"[worker-us-central1-api-cb000ed1-640e-42bc-8908-29faf4dd387e]: BUSY"}}
[debug] [2026-10-08T09:54:18.381Z] Finishing up request with event=pause {"metadata":{"emulator":{"name":"functions"},"function":{"name":"us-central1-api"},"extension":{},"message":"Finishing up request with event=pause"}}
[info] i  functions: Finished "us-central1-api" in 1.9749ms {"metadata":{"emulator":{"name":"functions"},"function":{"name":"us-central1-api"},"extension":{},"message":"Finished \"us-central1-api\" in 1.9749ms"}}
[debug] [2026-10-08T09:54:18.381Z] [worker-us-central1-api-cb000ed1-640e-42bc-8908-29faf4dd387e]: IDLE {"metadata":{"emulator":{"name":"functions"},"function":{"name":"us-central1-api"},"extension":{},"message":"[worker-us-central1-api-cb000ed1-640e-42bc-8908-29faf4dd387e]: IDLE"}}
[debug] [2026-10-08T09:54:18.381Z] Finishing up request with event=finish {"metadata":{"emulator":{"name":"functions"},"function":{"name":"us-central1-api"},"extension":{},"message":"Finishing up request with event=finish"}}
[debug] [2026-10-08T09:54:18.381Z] Finishing up request with event=close {"metadata":{"emulator":{"name":"functions"},"function":{"name":"us-central1-api"},"extension":{},"message":"Finishing up request with event=close"}}
[debug] [2026-10-08T09:54:18.381Z] [work-queue] {"queuedWork":[],"queueLength":0,"runningWork":[],"workRunningCount":0}
[debug] [2026-10-08T09:54:18.679Z] [work-queue] {"queuedWork":["/demo-no-project/us-central1/api/-2026-10-08T09:54:18.679Z"],"queueLength":1,"runningWork":[],"workRunningCount":0}
[debug] [2026-10-08T09:54:18.680Z] [work-queue] {"queuedWork":[],"queueLength":0,"runningWork":["/demo-no-project/us-central1/api/-2026-10-08T09:54:18.679Z"],"workRunningCount":1}
[debug] [2026-10-08T09:54:18.680Z] Accepted request GET /demo-no-project/us-central1/api/ --> us-central1-api
[debug] [2026-10-08T09:54:18.680Z] [functions] Runtime ready! Sending request! {"metadata":{"emulator":{"name":"functions"},"message":"[functions] Runtime ready! Sending request!"}}
[debug] [2026-10-08T09:54:18.681Z] [functions] Got req.url=/demo-no-project/us-central1/api/, mapping to path=/ {"metadata":{"emulator":{"name":"functions"},"message":"[functions] Got req.url=/demo-no-project/us-central1/api/, mapping to path=/"}}
[debug] [2026-10-08T09:54:18.681Z] [worker-pool] submitRequest(triggerId=us-central1-api) {"metadata":{"emulator":{"name":"functions"},"message":"[worker-pool] submitRequest(triggerId=us-central1-api)"}}
[info] i  functions: Beginning execution of "us-central1-api" {"metadata":{"emulator":{"name":"functions"},"function":{"name":"us-central1-api"},"extension":{},"message":"Beginning execution of \"us-central1-api\""}}
[debug] [2026-10-08T09:54:18.681Z] [worker-us-central1-api-cb000ed1-640e-42bc-8908-29faf4dd387e]: BUSY {"metadata":{"emulator":{"name":"functions"},"function":{"name":"us-central1-api"},"extension":{},"message":"[worker-us-central1-api-cb000ed1-640e-42bc-8908-29faf4dd387e]: BUSY"}}
[debug] [2026-10-08T09:54:18.683Z] Finishing up request with event=pause {"metadata":{"emulator":{"name":"functions"},"function":{"name":"us-central1-api"},"extension":{},"message":"Finishing up request with event=pause"}}
[info] i  functions: Finished "us-central1-api" in 1.8118ms {"metadata":{"emulator":{"name":"functions"},"function":{"name":"us-central1-api"},"extension":{},"message":"Finished \"us-central1-api\" in 1.8118ms"}}
[debug] [2026-10-08T09:54:18.683Z] [worker-us-central1-api-cb000ed1-640e-42bc-8908-29faf4dd387e]: IDLE {"metadata":{"emulator":{"name":"functions"},"function":{"name":"us-central1-api"},"extension":{},"message":"[worker-us-central1-api-cb000ed1-640e-42bc-8908-29faf4dd387e]: IDLE"}}
[debug] [2026-10-08T09:54:18.683Z] Finishing up request with event=finish {"metadata":{"emulator":{"name":"functions"},"function":{"name":"us-central1-api"},"extension":{},"message":"Finishing up request with event=finish"}}
[debug] [2026-10-08T09:54:18.683Z] Finishing up request with event=close {"metadata":{"emulator":{"name":"functions"},"function":{"name":"us-central1-api"},"extension":{},"message":"Finishing up request with event=close"}}
[debug] [2026-10-08T09:54:18.683Z] [work-queue] {"queuedWork":[],"queueLength":0,"runningWork":[],"workRunningCount":0}
[debug] [2026-10-08T09:54:18.996Z] [work-queue] {"queuedWork":["/demo-no-project/us-central1/api/-2026-10-08T09:54:18.996Z"],"queueLength":1,"runningWork":[],"workRunningCount":0}
[debug] [2026-10-08T09:54:18.997Z] [work-queue] {"queuedWork":[],"queueLength":0,"runningWork":["/demo-no-project/us-central1/api/-2026-10-08T09:54:18.996Z"],"workRunningCount":1}
[debug] [2026-10-08T09:54:18.997Z] Accepted request GET /demo-no-project/us-central1/api/ --> us-central1-api
[debug] [2026-10-08T09:54:18.998Z] [functions] Runtime ready! Sending request! {"metadata":{"emulator":{"name":"functions"},"message":"[functions] Runtime ready! Sending request!"}}
[debug] [2026-10-08T09:54:18.998Z] [functions] Got req.url=/demo-no-project/us-central1/api/, mapping to path=/ {"metadata":{"emulator":{"name":"functions"},"message":"[functions] Got req.url=/demo-no-project/us-central1/api/, mapping to path=/"}}
[debug] [2026-10-08T09:54:18.998Z] [worker-pool] submitRequest(triggerId=us-central1-api) {"metadata":{"emulator":{"name":"functions"},"message":"[worker-pool] submitRequest(triggerId=us-central1-api)"}}
[info] i  functions: Beginning execution of "us-central1-api" {"metadata":{"emulator":{"name":"functions"},"function":{"name":"us-central1-api"},"extension":{},"message":"Beginning execution of \"us-central1-api\""}}
[debug] [2026-10-08T09:54:18.998Z] [worker-us-central1-api-cb000ed1-640e-42bc-8908-29faf4dd387e]: BUSY {"metadata":{"emulator":{"name":"functions"},"function":{"name":"us-central1-api"},"extension":{},"message":"[worker-us-central1-api-cb000ed1-640e-42bc-8908-29faf4dd387e]: BUSY"}}
[debug] [2026-10-08T09:54:19.000Z] Finishing up request with event=pause {"metadata":{"emulator":{"name":"functions"},"function":{"name":"us-central1-api"},"extension":{},"message":"Finishing up request with event=pause"}}
[info] i  functions: Finished "us-central1-api" in 1.8511ms {"metadata":{"emulator":{"name":"functions"},"function":{"name":"us-central1-api"},"extension":{},"message":"Finished \"us-central1-api\" in 1.8511ms"}}
[debug] [2026-10-08T09:54:19.000Z] [worker-us-central1-api-cb000ed1-640e-42bc-8908-29faf4dd387e]: IDLE {"metadata":{"emulator":{"name":"functions"},"function":{"name":"us-central1-api"},"extension":{},"message":"[worker-us-central1-api-cb000ed1-640e-42bc-8908-29faf4dd387e]: IDLE"}}
[debug] [2026-10-08T09:54:19.000Z] Finishing up request with event=finish {"metadata":{"emulator":{"name":"functions"},"function":{"name":"us-central1-api"},"extension":{},"message":"Finishing up request with event=finish"}}
[debug] [2026-10-08T09:54:19.000Z] Finishing up request with event=close {"metadata":{"emulator":{"name":"functions"},"function":{"name":"us-central1-api"},"extension":{},"message":"Finishing up request with event=close"}}
[debug] [2026-10-08T09:54:19.000Z] [work-queue] {"queuedWork":[],"queueLength":0,"runningWork":[],"workRunningCount":0}
[debug] [2026-10-08T09:54:19.297Z] [work-queue] {"queuedWork":["/demo-no-project/us-central1/api/-2026-10-08T09:54:19.297Z"],"queueLength":1,"runningWork":[],"workRunningCount":0}
[debug] [2026-10-08T09:54:19.297Z] [work-queue] {"queuedWork":[],"queueLength":0,"runningWork":["/demo-no-project/us-central1/api/-2026-10-08T09:54:19.297Z"],"workRunningCount":1}
[debug] [2026-10-08T09:54:19.297Z] Accepted request GET /demo-no-project/us-central1/api/ --> us-central1-api
[debug] [2026-10-08T09:54:19.298Z] [functions] Runtime ready! Sending request! {"metadata":{"emulator":{"name":"functions"},"message":"[functions] Runtime ready! Sending request!"}}
[debug] [2026-10-08T09:54:19.298Z] [functions] Got req.url=/demo-no-project/us-central1/api/, mapping to path=/ {"metadata":{"emulator":{"name":"functions"},"message":"[functions] Got req.url=/demo-no-project/us-central1/api/, mapping to path=/"}}
[debug] [2026-10-08T09:54:19.298Z] [worker-pool] submitRequest(triggerId=us-central1-api) {"metadata":{"emulator":{"name":"functions"},"message":"[worker-pool] submitRequest(triggerId=us-central1-api)"}}
[info] i  functions: Beginning execution of "us-central1-api" {"metadata":{"emulator":{"name":"functions"},"function":{"name":"us-central1-api"},"extension":{},"message":"Beginning execution of \"us-central1-api\""}}
[debug] [2026-10-08T09:54:19.298Z] [worker-us-central1-api-cb000ed1-640e-42bc-8908-29faf4dd387e]: BUSY {"metadata":{"emulator":{"name":"functions"},"function":{"name":"us-central1-api"},"extension":{},"message":"[worker-us-central1-api-cb000ed1-640e-42bc-8908-29faf4dd387e]: BUSY"}}
[debug] [2026-10-08T09:54:19.301Z] Finishing up request with event=pause {"metadata":{"emulator":{"name":"functions"},"function":{"name":"us-central1-api"},"extension":{},"message":"Finishing up request with event=pause"}}
[info] i  functions: Finished "us-central1-api" in 2.6421ms {"metadata":{"emulator":{"name":"functions"},"function":{"name":"us-central1-api"},"extension":{},"message":"Finished \"us-central1-api\" in 2.6421ms"}}
[debug] [2026-10-08T09:54:19.301Z] [worker-us-central1-api-cb000ed1-640e-42bc-8908-29faf4dd387e]: IDLE {"metadata":{"emulator":{"name":"functions"},"function":{"name":"us-central1-api"},"extension":{},"message":"[worker-us-central1-api-cb000ed1-640e-42bc-8908-29faf4dd387e]: IDLE"}}
[debug] [2026-10-08T09:54:19.301Z] Finishing up request with event=finish {"metadata":{"emulator":{"name":"functions"},"function":{"name":"us-central1-api"},"extension":{},"message":"Finishing up request with event=finish"}}
[debug] [2026-10-08T09:54:19.301Z] Finishing up request with event=close {"metadata":{"emulator":{"name":"functions"},"function":{"name":"us-central1-api"},"extension":{},"message":"Finishing up request with event=close"}}
[debug] [2026-10-08T09:54:19.301Z] [work-queue] {"queuedWork":[],"queueLength":0,"runningWork":[],"workRunningCount":0}
[debug] [2026-10-08T09:54:19.602Z] [work-queue] {"queuedWork":["/demo-no-project/us-central1/api/-2026-10-08T09:54:19.602Z"],"queueLength":1,"runningWork":[],"workRunningCount":0}
[debug] [2026-10-08T09:54:19.602Z] [work-queue] {"queuedWork":[],"queueLength":0,"runningWork":["/demo-no-project/us-central1/api/-2026-10-08T09:54:19.602Z"],"workRunningCount":1}
[debug] [2026-10-08T09:54:19.602Z] Accepted request GET /demo-no-project/us-central1/api/ --> us-central1-api
[debug] [2026-10-08T09:54:19.603Z] [functions] Runtime ready! Sending request! {"metadata":{"emulator":{"name":"functions"},"message":"[functions] Runtime ready! Sending request!"}}
[debug] [2026-10-08T09:54:19.603Z] [functions] Got req.url=/demo-no-project/us-central1/api/, mapping to path=/ {"metadata":{"emulator":{"name":"functions"},"message":"[functions] Got req.url=/demo-no-project/us-central1/api/, mapping to path=/"}}
[debug] [2026-10-08T09:54:19.603Z] [worker-pool] submitRequest(triggerId=us-central1-api) {"metadata":{"emulator":{"name":"functions"},"message":"[worker-pool] submitRequest(triggerId=us-central1-api)"}}
[info] i  functions: Beginning execution of "us-central1-api" {"metadata":{"emulator":{"name":"functions"},"function":{"name":"us-central1-api"},"extension":{},"message":"Beginning execution of \"us-central1-api\""}}
[debug] [2026-10-08T09:54:19.603Z] [worker-us-central1-api-cb000ed1-640e-42bc-8908-29faf4dd387e]: BUSY {"metadata":{"emulator":{"name":"functions"},"function":{"name":"us-central1-api"},"extension":{},"message":"[worker-us-central1-api-cb000ed1-640e-42bc-8908-29faf4dd387e]: BUSY"}}
[debug] [2026-10-08T09:54:19.605Z] Finishing up request with event=pause {"metadata":{"emulator":{"name":"functions"},"function":{"name":"us-central1-api"},"extension":{},"message":"Finishing up request with event=pause"}}
[info] i  functions: Finished "us-central1-api" in 1.7579ms {"metadata":{"emulator":{"name":"functions"},"function":{"name":"us-central1-api"},"extension":{},"message":"Finished \"us-central1-api\" in 1.7579ms"}}
[debug] [2026-10-08T09:54:19.605Z] [worker-us-central1-api-cb000ed1-640e-42bc-8908-29faf4dd387e]: IDLE {"metadata":{"emulator":{"name":"functions"},"function":{"name":"us-central1-api"},"extension":{},"message":"[worker-us-central1-api-cb000ed1-640e-42bc-8908-29faf4dd387e]: IDLE"}}
[debug] [2026-10-08T09:54:19.605Z] Finishing up request with event=finish {"metadata":{"emulator":{"name":"functions"},"function":{"name":"us-central1-api"},"extension":{},"message":"Finishing up request with event=finish"}}
[debug] [2026-10-08T09:54:19.605Z] Finishing up request with event=close {"metadata":{"emulator":{"name":"functions"},"function":{"name":"us-central1-api"},"extension":{},"message":"Finishing up request with event=close"}}
[debug] [2026-10-08T09:54:19.605Z] [work-queue] {"queuedWork":[],"queueLength":0,"runningWork":[],"workRunningCount":0}
[debug] [2026-10-08T09:54:19.888Z] [work-queue] {"queuedWork":["/demo-no-project/us-central1/api/-2026-10-08T09:54:19.888Z"],"queueLength":1,"runningWork":[],"workRunningCount":0}
[debug] [2026-10-08T09:54:19.889Z] [work-queue] {"queuedWork":[],"queueLength":0,"runningWork":["/demo-no-project/us-central1/api/-2026-10-08T09:54:19.888Z"],"workRunningCount":1}
[debug] [2026-10-08T09:54:19.889Z] Accepted request GET /demo-no-project/us-central1/api/ --> us-central1-api
[debug] [2026-10-08T09:54:19.889Z] [functions] Runtime ready! Sending request! {"metadata":{"emulator":{"name":"functions"},"message":"[functions] Runtime ready! Sending request!"}}
[debug] [2026-10-08T09:54:19.889Z] [functions] Got req.url=/demo-no-project/us-central1/api/, mapping to path=/ {"metadata":{"emulator":{"name":"functions"},"message":"[functions] Got req.url=/demo-no-project/us-central1/api/, mapping to path=/"}}
[debug] [2026-10-08T09:54:19.890Z] [worker-pool] submitRequest(triggerId=us-central1-api) {"metadata":{"emulator":{"name":"functions"},"message":"[worker-pool] submitRequest(triggerId=us-central1-api)"}}
[info] i  functions: Beginning execution of "us-central1-api" {"metadata":{"emulator":{"name":"functions"},"function":{"name":"us-central1-api"},"extension":{},"message":"Beginning execution of \"us-central1-api\""}}
[debug] [2026-10-08T09:54:19.890Z] [worker-us-central1-api-cb000ed1-640e-42bc-8908-29faf4dd387e]: BUSY {"metadata":{"emulator":{"name":"functions"},"function":{"name":"us-central1-api"},"extension":{},"message":"[worker-us-central1-api-cb000ed1-640e-42bc-8908-29faf4dd387e]: BUSY"}}
[debug] [2026-10-08T09:54:19.892Z] Finishing up request with event=pause {"metadata":{"emulator":{"name":"functions"},"function":{"name":"us-central1-api"},"extension":{},"message":"Finishing up request with event=pause"}}
[info] i  functions: Finished "us-central1-api" in 2.1429ms {"metadata":{"emulator":{"name":"functions"},"function":{"name":"us-central1-api"},"extension":{},"message":"Finished \"us-central1-api\" in 2.1429ms"}}
[debug] [2026-10-08T09:54:19.892Z] [worker-us-central1-api-cb000ed1-640e-42bc-8908-29faf4dd387e]: IDLE {"metadata":{"emulator":{"name":"functions"},"function":{"name":"us-central1-api"},"extension":{},"message":"[worker-us-central1-api-cb000ed1-640e-42bc-8908-29faf4dd387e]: IDLE"}}
[debug] [2026-10-08T09:54:19.892Z] Finishing up request with event=finish {"metadata":{"emulator":{"name":"functions"},"function":{"name":"us-central1-api"},"extension":{},"message":"Finishing up request with event=finish"}}
[debug] [2026-10-08T09:54:19.892Z] Finishing up request with event=close {"metadata":{"emulator":{"name":"functions"},"function":{"name":"us-central1-api"},"extension":{},"message":"Finishing up request with event=close"}}
[debug] [2026-10-08T09:54:19.892Z] [work-queue] {"queuedWork":[],"queueLength":0,"runningWork":[],"workRunningCount":0}
[debug] [2026-10-08T09:55:29.061Z] File C:\Users\galla\OneDrive\Documents\GitHub\shop-xpress\functions\index.js changed, reloading triggers {"metadata":{"emulator":{"name":"functions"},"message":"File C:\\Users\\galla\\OneDrive\\Documents\\GitHub\\shop-xpress\\functions\\index.js changed, reloading triggers"}}
[debug] [2026-10-08T09:55:30.064Z] Validating nodejs source
[warn] !  functions: package.json indicates an outdated version of firebase-functions. Please upgrade using npm install --save firebase-functions@latest in your functions directory. 
[warn] !  functions: Please note that there will be breaking changes when you upgrade. 
[debug] [2026-10-08T09:55:30.976Z] > [functions] package.json contents: {
  "name": "functions",
  "description": "Cloud Functions for Firebase",
  "scripts": {
    "serve": "firebase emulators:start --only functions",
    "shell": "firebase functions:shell",
    "start": "npm run shell",
    "deploy": "firebase deploy --only functions",
    "logs": "firebase functions:log"
  },
  "engines": {
    "node": "18"
  },
  "main": "index.js",
  "dependencies": {
    "cors": "^2.8.5",
    "express": "^4.18.2",
    "express-rate-limit": "^7.1.1",
    "firebase-admin": "^11.11.0",
    "firebase-functions": "^4.3.1"
  },
  "private": true
}
[debug] [2026-10-08T09:55:30.976Z] Building nodejs source
[debug] [2026-10-08T09:55:30.976Z] Failed to find version of module node: reached end of search path C:\Users\galla\OneDrive\Documents\GitHub\shop-xpress\functions\node_modules
[warn] !  functions: Your requested "node" version "18" doesn't match your global version "24". Using node@24 from host. 
[info] i  functions: You are using a version of firebase-functions SDK (4.9.0) that does not have support for the newest Firebase Extensions features. Please update firebase-functions SDK to >=5.1.0 to use them correctly 
[debug] [2026-10-08T09:55:30.977Z] Could not find functions.yaml. Must use http discovery
[debug] [2026-10-08T09:55:30.983Z] Found firebase-functions binary at 'C:\Users\galla\OneDrive\Documents\GitHub\shop-xpress\functions\node_modules\.bin\firebase-functions'
[info] Serving at port 8108

[debug] [2026-10-08T09:55:31.397Z] Got response from /__/functions.yaml {"endpoints":{"api":{"platform":"gcfv1","availableMemoryMb":null,"timeoutSeconds":null,"minInstances":null,"maxInstances":null,"ingressSettings":null,"serviceAccountEmail":null,"vpc":null,"httpsTrigger":{},"entryPoint":"api"}},"specVersion":"v1alpha1","requiredAPIs":[]}
[info] +  functions: Loaded functions definitions from source: api. {"metadata":{"emulator":{"name":"functions"},"message":"Loaded functions definitions from source: api."}}
[debug] [2026-10-08T09:55:34.440Z] [worker-pool] Shutting down IDLE worker (us-central1-api) {"metadata":{"emulator":{"name":"functions"},"message":"[worker-pool] Shutting down IDLE worker (us-central1-api)"}}
[debug] [2026-10-08T09:55:34.440Z] [worker-us-central1-api-cb000ed1-640e-42bc-8908-29faf4dd387e]: FINISHING {"metadata":{"emulator":{"name":"functions"},"function":{"name":"us-central1-api"},"extension":{},"message":"[worker-us-central1-api-cb000ed1-640e-42bc-8908-29faf4dd387e]: FINISHING"}}
[debug] [2026-10-08T09:55:34.456Z] [worker-us-central1-api-cb000ed1-640e-42bc-8908-29faf4dd387e]: exited {"metadata":{"emulator":{"name":"functions"},"function":{"name":"us-central1-api"},"extension":{},"message":"[worker-us-central1-api-cb000ed1-640e-42bc-8908-29faf4dd387e]: exited"}}
[debug] [2026-10-08T09:55:34.456Z] [worker-us-central1-api-cb000ed1-640e-42bc-8908-29faf4dd387e]: FINISHED {"metadata":{"emulator":{"name":"functions"},"function":{"name":"us-central1-api"},"extension":{},"message":"[worker-us-central1-api-cb000ed1-640e-42bc-8908-29faf4dd387e]: FINISHED"}}
[debug] [2026-10-08T10:03:29.535Z] File C:\Users\galla\OneDrive\Documents\GitHub\shop-xpress\functions\index.js changed, reloading triggers {"metadata":{"emulator":{"name":"functions"},"message":"File C:\\Users\\galla\\OneDrive\\Documents\\GitHub\\shop-xpress\\functions\\index.js changed, reloading triggers"}}
[debug] [2026-10-08T10:03:30.549Z] Validating nodejs source
[warn] !  functions: package.json indicates an outdated version of firebase-functions. Please upgrade using npm install --save firebase-functions@latest in your functions directory. 
[warn] !  functions: Please note that there will be breaking changes when you upgrade. 
[debug] [2026-10-08T10:03:31.605Z] > [functions] package.json contents: {
  "name": "functions",
  "description": "Cloud Functions for Firebase",
  "scripts": {
    "serve": "firebase emulators:start --only functions",
    "shell": "firebase functions:shell",
    "start": "npm run shell",
    "deploy": "firebase deploy --only functions",
    "logs": "firebase functions:log"
  },
  "engines": {
    "node": "18"
  },
  "main": "index.js",
  "dependencies": {
    "cors": "^2.8.5",
    "express": "^4.18.2",
    "express-rate-limit": "^7.1.1",
    "firebase-admin": "^11.11.0",
    "firebase-functions": "^4.3.1"
  },
  "private": true
}
[debug] [2026-10-08T10:03:31.606Z] Building nodejs source
[debug] [2026-10-08T10:03:31.606Z] Failed to find version of module node: reached end of search path C:\Users\galla\OneDrive\Documents\GitHub\shop-xpress\functions\node_modules
[warn] !  functions: Your requested "node" version "18" doesn't match your global version "24". Using node@24 from host. 
[info] i  functions: You are using a version of firebase-functions SDK (4.9.0) that does not have support for the newest Firebase Extensions features. Please update firebase-functions SDK to >=5.1.0 to use them correctly 
[debug] [2026-10-08T10:03:31.607Z] Could not find functions.yaml. Must use http discovery
[debug] [2026-10-08T10:03:31.612Z] Found firebase-functions binary at 'C:\Users\galla\OneDrive\Documents\GitHub\shop-xpress\functions\node_modules\.bin\firebase-functions'
[info] Serving at port 8140

[debug] [2026-10-08T10:03:32.033Z] Got response from /__/functions.yaml {"endpoints":{"api":{"platform":"gcfv1","availableMemoryMb":null,"timeoutSeconds":null,"minInstances":null,"maxInstances":null,"ingressSettings":null,"serviceAccountEmail":null,"vpc":null,"httpsTrigger":{},"entryPoint":"api"}},"specVersion":"v1alpha1","requiredAPIs":[]}
[info] +  functions: Loaded functions definitions from source: api. {"metadata":{"emulator":{"name":"functions"},"message":"Loaded functions definitions from source: api."}}
[debug] [2026-10-08T10:05:51.917Z] [work-queue] {"queuedWork":["/demo-no-project/us-central1/api/login-check-2026-10-08T10:05:51.917Z"],"queueLength":1,"runningWork":[],"workRunningCount":0}
[debug] [2026-10-08T10:05:51.917Z] [work-queue] {"queuedWork":[],"queueLength":0,"runningWork":["/demo-no-project/us-central1/api/login-check-2026-10-08T10:05:51.917Z"],"workRunningCount":1}
[debug] [2026-10-08T10:05:51.917Z] Accepted request POST /demo-no-project/us-central1/api/login-check --> us-central1-api
[debug] [2026-10-08T10:05:51.918Z] [functions] Runtime ready! Sending request! {"metadata":{"emulator":{"name":"functions"},"message":"[functions] Runtime ready! Sending request!"}}
[debug] [2026-10-08T10:05:51.918Z] [functions] Got req.url=/demo-no-project/us-central1/api/login-check, mapping to path=/login-check {"metadata":{"emulator":{"name":"functions"},"message":"[functions] Got req.url=/demo-no-project/us-central1/api/login-check, mapping to path=/login-check"}}
[debug] [2026-10-08T10:05:51.919Z] [worker-pool] Cleaned up workers for us-central1-api: 1 --> 0 {"metadata":{"emulator":{"name":"functions"},"message":"[worker-pool] Cleaned up workers for us-central1-api: 1 --> 0"}}
[debug] [2026-10-08T10:05:51.925Z] [worker-pool] addWorker(us-central1-api) {"metadata":{"emulator":{"name":"functions"},"message":"[worker-pool] addWorker(us-central1-api)"}}
[debug] [2026-10-08T10:05:51.925Z] [worker-pool] Adding worker with key us-central1-api, total=1 {"metadata":{"emulator":{"name":"functions"},"message":"[worker-pool] Adding worker with key us-central1-api, total=1"}}
[debug] [2026-10-08T10:05:52.510Z] [work-queue] {"queuedWork":["/demo-no-project/us-central1/api/login-check-2026-10-08T10:05:52.510Z"],"queueLength":1,"runningWork":["/demo-no-project/us-central1/api/login-check-2026-10-08T10:05:51.917Z"],"workRunningCount":1}
[debug] [2026-10-08T10:05:52.510Z] [work-queue] {"queuedWork":[],"queueLength":0,"runningWork":["/demo-no-project/us-central1/api/login-check-2026-10-08T10:05:51.917Z","/demo-no-project/us-central1/api/login-check-2026-10-08T10:05:52.510Z"],"workRunningCount":2}
[debug] [2026-10-08T10:05:52.511Z] Accepted request POST /demo-no-project/us-central1/api/login-check --> us-central1-api
[debug] [2026-10-08T10:05:52.511Z] [functions] Runtime ready! Sending request! {"metadata":{"emulator":{"name":"functions"},"message":"[functions] Runtime ready! Sending request!"}}
[debug] [2026-10-08T10:05:52.511Z] [functions] Got req.url=/demo-no-project/us-central1/api/login-check, mapping to path=/login-check {"metadata":{"emulator":{"name":"functions"},"message":"[functions] Got req.url=/demo-no-project/us-central1/api/login-check, mapping to path=/login-check"}}
[debug] [2026-10-08T10:05:52.517Z] [worker-pool] addWorker(us-central1-api) {"metadata":{"emulator":{"name":"functions"},"message":"[worker-pool] addWorker(us-central1-api)"}}
[debug] [2026-10-08T10:05:52.517Z] [worker-pool] Adding worker with key us-central1-api, total=2 {"metadata":{"emulator":{"name":"functions"},"message":"[worker-pool] Adding worker with key us-central1-api, total=2"}}
[debug] [2026-10-08T10:05:52.836Z] [runtime-status] [30228] Resolved module firebase-admin {"declared":true,"installed":true,"version":"11.11.1","resolution":"C:\\Users\\galla\\OneDrive\\Documents\\GitHub\\shop-xpress\\functions\\node_modules\\firebase-admin\\lib\\index.js"} {"metadata":{"emulator":{"name":"functions"},"function":{"name":"us-central1-api"},"extension":{},"message":"[runtime-status] [30228] Resolved module firebase-admin {\"declared\":true,\"installed\":true,\"version\":\"11.11.1\",\"resolution\":\"C:\\\\Users\\\\galla\\\\OneDrive\\\\Documents\\\\GitHub\\\\shop-xpress\\\\functions\\\\node_modules\\\\firebase-admin\\\\lib\\\\index.js\"}"}}
[debug] [2026-10-08T10:05:52.837Z] [runtime-status] [30228] Resolved module firebase-functions {"declared":true,"installed":true,"version":"4.9.0","resolution":"C:\\Users\\galla\\OneDrive\\Documents\\GitHub\\shop-xpress\\functions\\node_modules\\firebase-functions\\lib\\v1\\index.js"} {"metadata":{"emulator":{"name":"functions"},"function":{"name":"us-central1-api"},"extension":{},"message":"[runtime-status] [30228] Resolved module firebase-functions {\"declared\":true,\"installed\":true,\"version\":\"4.9.0\",\"resolution\":\"C:\\\\Users\\\\galla\\\\OneDrive\\\\Documents\\\\GitHub\\\\shop-xpress\\\\functions\\\\node_modules\\\\firebase-functions\\\\lib\\\\v1\\\\index.js\"}"}}
[debug] [2026-10-08T10:05:52.837Z] [runtime-status] [30228] Outgoing network have been stubbed. [{"name":"http","status":"mocked"},{"name":"http","status":"mocked"},{"name":"https","status":"mocked"},{"name":"https","status":"mocked"},{"name":"net","status":"mocked"}] {"metadata":{"emulator":{"name":"functions"},"function":{"name":"us-central1-api"},"extension":{},"message":"[runtime-status] [30228] Outgoing network have been stubbed. [{\"name\":\"http\",\"status\":\"mocked\"},{\"name\":\"http\",\"status\":\"mocked\"},{\"name\":\"https\",\"status\":\"mocked\"},{\"name\":\"https\",\"status\":\"mocked\"},{\"name\":\"net\",\"status\":\"mocked\"}]"}}
[debug] [2026-10-08T10:05:52.838Z] [runtime-status] [30228] Resolved module firebase-functions {"declared":true,"installed":true,"version":"4.9.0","resolution":"C:\\Users\\galla\\OneDrive\\Documents\\GitHub\\shop-xpress\\functions\\node_modules\\firebase-functions\\lib\\v1\\index.js"} {"metadata":{"emulator":{"name":"functions"},"function":{"name":"us-central1-api"},"extension":{},"message":"[runtime-status] [30228] Resolved module firebase-functions {\"declared\":true,\"installed\":true,\"version\":\"4.9.0\",\"resolution\":\"C:\\\\Users\\\\galla\\\\OneDrive\\\\Documents\\\\GitHub\\\\shop-xpress\\\\functions\\\\node_modules\\\\firebase-functions\\\\lib\\\\v1\\\\index.js\"}"}}
[debug] [2026-10-08T10:05:52.923Z] [work-queue] {"queuedWork":["/demo-no-project/us-central1/api/login-check-2026-10-08T10:05:52.923Z"],"queueLength":1,"runningWork":["/demo-no-project/us-central1/api/login-check-2026-10-08T10:05:51.917Z","/demo-no-project/us-central1/api/login-check-2026-10-08T10:05:52.510Z"],"workRunningCount":2}
[debug] [2026-10-08T10:05:52.923Z] [work-queue] {"queuedWork":[],"queueLength":0,"runningWork":["/demo-no-project/us-central1/api/login-check-2026-10-08T10:05:51.917Z","/demo-no-project/us-central1/api/login-check-2026-10-08T10:05:52.510Z","/demo-no-project/us-central1/api/login-check-2026-10-08T10:05:52.923Z"],"workRunningCount":3}
[debug] [2026-10-08T10:05:52.923Z] Accepted request POST /demo-no-project/us-central1/api/login-check --> us-central1-api
[debug] [2026-10-08T10:05:52.924Z] [functions] Runtime ready! Sending request! {"metadata":{"emulator":{"name":"functions"},"message":"[functions] Runtime ready! Sending request!"}}
[debug] [2026-10-08T10:05:52.925Z] [functions] Got req.url=/demo-no-project/us-central1/api/login-check, mapping to path=/login-check {"metadata":{"emulator":{"name":"functions"},"message":"[functions] Got req.url=/demo-no-project/us-central1/api/login-check, mapping to path=/login-check"}}
[debug] [2026-10-08T10:05:52.930Z] [worker-pool] addWorker(us-central1-api) {"metadata":{"emulator":{"name":"functions"},"message":"[worker-pool] addWorker(us-central1-api)"}}
[debug] [2026-10-08T10:05:52.930Z] [worker-pool] Adding worker with key us-central1-api, total=3 {"metadata":{"emulator":{"name":"functions"},"message":"[worker-pool] Adding worker with key us-central1-api, total=3"}}
[debug] [2026-10-08T10:05:52.977Z] [runtime-status] [30228] Resolved module firebase-admin {"declared":true,"installed":true,"version":"11.11.1","resolution":"C:\\Users\\galla\\OneDrive\\Documents\\GitHub\\shop-xpress\\functions\\node_modules\\firebase-admin\\lib\\index.js"} {"metadata":{"emulator":{"name":"functions"},"function":{"name":"us-central1-api"},"extension":{},"message":"[runtime-status] [30228] Resolved module firebase-admin {\"declared\":true,\"installed\":true,\"version\":\"11.11.1\",\"resolution\":\"C:\\\\Users\\\\galla\\\\OneDrive\\\\Documents\\\\GitHub\\\\shop-xpress\\\\functions\\\\node_modules\\\\firebase-admin\\\\lib\\\\index.js\"}"}}
[debug] [2026-10-08T10:05:52.979Z] [runtime-status] [30228] Resolved module firebase-functions {"declared":true,"installed":true,"version":"4.9.0","resolution":"C:\\Users\\galla\\OneDrive\\Documents\\GitHub\\shop-xpress\\functions\\node_modules\\firebase-functions\\lib\\v1\\index.js"} {"metadata":{"emulator":{"name":"functions"},"function":{"name":"us-central1-api"},"extension":{},"message":"[runtime-status] [30228] Resolved module firebase-functions {\"declared\":true,\"installed\":true,\"version\":\"4.9.0\",\"resolution\":\"C:\\\\Users\\\\galla\\\\OneDrive\\\\Documents\\\\GitHub\\\\shop-xpress\\\\functions\\\\node_modules\\\\firebase-functions\\\\lib\\\\v1\\\\index.js\"}"}}
[debug] [2026-10-08T10:05:53.056Z] [runtime-status] [30228] firebase-admin has been stubbed. {"adminResolution":{"declared":true,"installed":true,"version":"11.11.1","resolution":"C:\\Users\\galla\\OneDrive\\Documents\\GitHub\\shop-xpress\\functions\\node_modules\\firebase-admin\\lib\\index.js"}} {"metadata":{"emulator":{"name":"functions"},"function":{"name":"us-central1-api"},"extension":{},"message":"[runtime-status] [30228] firebase-admin has been stubbed. {\"adminResolution\":{\"declared\":true,\"installed\":true,\"version\":\"11.11.1\",\"resolution\":\"C:\\\\Users\\\\galla\\\\OneDrive\\\\Documents\\\\GitHub\\\\shop-xpress\\\\functions\\\\node_modules\\\\firebase-admin\\\\lib\\\\index.js\"}}"}}
[debug] [2026-10-08T10:05:53.160Z] [runtime-status] [30228] initializeApp(DEFAULT) {"storageBucket":"demo-no-project.appspot.com","databaseURL":"https://demo-no-project.firebaseio.com","projectId":"demo-no-project"} {"metadata":{"emulator":{"name":"functions"},"function":{"name":"us-central1-api"},"extension":{},"message":"[runtime-status] [30228] initializeApp(DEFAULT) {\"storageBucket\":\"demo-no-project.appspot.com\",\"databaseURL\":\"https://demo-no-project.firebaseio.com\",\"projectId\":\"demo-no-project\"}"}}
[debug] [2026-10-08T10:05:53.166Z] [runtime-status] [30228] Functions runtime initialized. {"cwd":"C:\\Users\\galla\\OneDrive\\Documents\\GitHub\\shop-xpress\\functions","node_version":"24.20.0"} {"metadata":{"emulator":{"name":"functions"},"function":{"name":"us-central1-api"},"extension":{},"message":"[runtime-status] [30228] Functions runtime initialized. {\"cwd\":\"C:\\\\Users\\\\galla\\\\OneDrive\\\\Documents\\\\GitHub\\\\shop-xpress\\\\functions\",\"node_version\":\"24.20.0\"}"}}
[debug] [2026-10-08T10:05:53.166Z] [runtime-status] [30228] Listening to port: \\?\pipe\fire_emu_db50b17a8105ece9 {"metadata":{"emulator":{"name":"functions"},"function":{"name":"us-central1-api"},"extension":{},"message":"[runtime-status] [30228] Listening to port: \\\\?\\pipe\\fire_emu_db50b17a8105ece9"}}
[debug] [2026-10-08T10:05:53.238Z] [worker-us-central1-api-765c5edb-7671-40fa-aee5-82d201f60179]: IDLE {"metadata":{"emulator":{"name":"functions"},"function":{"name":"us-central1-api"},"extension":{},"message":"[worker-us-central1-api-765c5edb-7671-40fa-aee5-82d201f60179]: IDLE"}}
[debug] [2026-10-08T10:05:53.238Z] [worker-pool] submitRequest(triggerId=us-central1-api) {"metadata":{"emulator":{"name":"functions"},"message":"[worker-pool] submitRequest(triggerId=us-central1-api)"}}
[info] i  functions: Beginning execution of "us-central1-api" {"metadata":{"emulator":{"name":"functions"},"function":{"name":"us-central1-api"},"extension":{},"message":"Beginning execution of \"us-central1-api\""}}
[debug] [2026-10-08T10:05:53.238Z] [worker-us-central1-api-765c5edb-7671-40fa-aee5-82d201f60179]: BUSY {"metadata":{"emulator":{"name":"functions"},"function":{"name":"us-central1-api"},"extension":{},"message":"[worker-us-central1-api-765c5edb-7671-40fa-aee5-82d201f60179]: BUSY"}}
[info] >  ValidationError: An undefined 'request.ip' was detected. This might indicate a misconfiguration or the connection being destroyed prematurely. See https://express-rate-limit.github.io/ERR_ERL_UNDEFINED_IP_ADDRESS/ for more information. {"user":"ValidationError: An undefined 'request.ip' was detected. This might indicate a misconfiguration or the connection being destroyed prematurely. See https://express-rate-limit.github.io/ERR_ERL_UNDEFINED_IP_ADDRESS/ for more information.","metadata":{"emulator":{"name":"functions"},"function":{"name":"us-central1-api"},"extension":{},"message":"\u001b[90m> \u001b[39m ValidationError: An undefined 'request.ip' was detected. This might indicate a misconfiguration or the connection being destroyed prematurely. See https://express-rate-limit.github.io/ERR_ERL_UNDEFINED_IP_ADDRESS/ for more information."}}
[info] >      at Object.ip (C:\Users\galla\OneDrive\Documents\GitHub\shop-xpress\functions\node_modules\express-rate-limit\dist\index.cjs:144:13) {"user":"    at Object.ip (C:\\Users\\galla\\OneDrive\\Documents\\GitHub\\shop-xpress\\functions\\node_modules\\express-rate-limit\\dist\\index.cjs:144:13)","metadata":{"emulator":{"name":"functions"},"function":{"name":"us-central1-api"},"extension":{},"message":"\u001b[90m> \u001b[39m     at Object.ip (C:\\Users\\galla\\OneDrive\\Documents\\GitHub\\shop-xpress\\functions\\node_modules\\express-rate-limit\\dist\\index.cjs:144:13)"}}
[info] >      at wrappedValidations.<computed> [as ip] (C:\Users\galla\OneDrive\Documents\GitHub\shop-xpress\functions\node_modules\express-rate-limit\dist\index.cjs:397:22) {"user":"    at wrappedValidations.<computed> [as ip] (C:\\Users\\galla\\OneDrive\\Documents\\GitHub\\shop-xpress\\functions\\node_modules\\express-rate-limit\\dist\\index.cjs:397:22)","metadata":{"emulator":{"name":"functions"},"function":{"name":"us-central1-api"},"extension":{},"message":"\u001b[90m> \u001b[39m     at wrappedValidations.<computed> [as ip] (C:\\Users\\galla\\OneDrive\\Documents\\GitHub\\shop-xpress\\functions\\node_modules\\express-rate-limit\\dist\\index.cjs:397:22)"}}
[info] >      at Object.keyGenerator (C:\Users\galla\OneDrive\Documents\GitHub\shop-xpress\functions\node_modules\express-rate-limit\dist\index.cjs:656:20) {"user":"    at Object.keyGenerator (C:\\Users\\galla\\OneDrive\\Documents\\GitHub\\shop-xpress\\functions\\node_modules\\express-rate-limit\\dist\\index.cjs:656:20)","metadata":{"emulator":{"name":"functions"},"function":{"name":"us-central1-api"},"extension":{},"message":"\u001b[90m> \u001b[39m     at Object.keyGenerator (C:\\Users\\galla\\OneDrive\\Documents\\GitHub\\shop-xpress\\functions\\node_modules\\express-rate-limit\\dist\\index.cjs:656:20)"}}
[info] >      at C:\Users\galla\OneDrive\Documents\GitHub\shop-xpress\functions\node_modules\express-rate-limit\dist\index.cjs:710:32 {"user":"    at C:\\Users\\galla\\OneDrive\\Documents\\GitHub\\shop-xpress\\functions\\node_modules\\express-rate-limit\\dist\\index.cjs:710:32","metadata":{"emulator":{"name":"functions"},"function":{"name":"us-central1-api"},"extension":{},"message":"\u001b[90m> \u001b[39m     at C:\\Users\\galla\\OneDrive\\Documents\\GitHub\\shop-xpress\\functions\\node_modules\\express-rate-limit\\dist\\index.cjs:710:32"}}
[info] >      at process.processTicksAndRejections (node:internal/process/task_queues:104:5) {"user":"    at process.processTicksAndRejections (node:internal/process/task_queues:104:5)","metadata":{"emulator":{"name":"functions"},"function":{"name":"us-central1-api"},"extension":{},"message":"\u001b[90m> \u001b[39m     at process.processTicksAndRejections (node:internal/process/task_queues:104:5)"}}
[info] >      at async C:\Users\galla\OneDrive\Documents\GitHub\shop-xpress\functions\node_modules\express-rate-limit\dist\index.cjs:691:5 { {"user":"    at async C:\\Users\\galla\\OneDrive\\Documents\\GitHub\\shop-xpress\\functions\\node_modules\\express-rate-limit\\dist\\index.cjs:691:5 {","metadata":{"emulator":{"name":"functions"},"function":{"name":"us-central1-api"},"extension":{},"message":"\u001b[90m> \u001b[39m     at async C:\\Users\\galla\\OneDrive\\Documents\\GitHub\\shop-xpress\\functions\\node_modules\\express-rate-limit\\dist\\index.cjs:691:5 {"}}
[info] >    code: 'ERR_ERL_UNDEFINED_IP_ADDRESS', {"user":"  code: 'ERR_ERL_UNDEFINED_IP_ADDRESS',","metadata":{"emulator":{"name":"functions"},"function":{"name":"us-central1-api"},"extension":{},"message":"\u001b[90m> \u001b[39m   code: 'ERR_ERL_UNDEFINED_IP_ADDRESS',"}}
[info] >    help: 'https://express-rate-limit.github.io/ERR_ERL_UNDEFINED_IP_ADDRESS/' {"user":"  help: 'https://express-rate-limit.github.io/ERR_ERL_UNDEFINED_IP_ADDRESS/'","metadata":{"emulator":{"name":"functions"},"function":{"name":"us-central1-api"},"extension":{},"message":"\u001b[90m> \u001b[39m   help: 'https://express-rate-limit.github.io/ERR_ERL_UNDEFINED_IP_ADDRESS/'"}}
[info] >  } {"user":"}","metadata":{"emulator":{"name":"functions"},"function":{"name":"us-central1-api"},"extension":{},"message":"\u001b[90m> \u001b[39m }"}}
[info] >  ValidationError: An undefined 'request.ip' was detected. This might indicate a misconfiguration or the connection being destroyed prematurely. See https://express-rate-limit.github.io/ERR_ERL_UNDEFINED_IP_ADDRESS/ for more information. {"user":"ValidationError: An undefined 'request.ip' was detected. This might indicate a misconfiguration or the connection being destroyed prematurely. See https://express-rate-limit.github.io/ERR_ERL_UNDEFINED_IP_ADDRESS/ for more information.","metadata":{"emulator":{"name":"functions"},"function":{"name":"us-central1-api"},"extension":{},"message":"\u001b[90m> \u001b[39m ValidationError: An undefined 'request.ip' was detected. This might indicate a misconfiguration or the connection being destroyed prematurely. See https://express-rate-limit.github.io/ERR_ERL_UNDEFINED_IP_ADDRESS/ for more information."}}
[info] >      at Object.ip (C:\Users\galla\OneDrive\Documents\GitHub\shop-xpress\functions\node_modules\express-rate-limit\dist\index.cjs:144:13) {"user":"    at Object.ip (C:\\Users\\galla\\OneDrive\\Documents\\GitHub\\shop-xpress\\functions\\node_modules\\express-rate-limit\\dist\\index.cjs:144:13)","metadata":{"emulator":{"name":"functions"},"function":{"name":"us-central1-api"},"extension":{},"message":"\u001b[90m> \u001b[39m     at Object.ip (C:\\Users\\galla\\OneDrive\\Documents\\GitHub\\shop-xpress\\functions\\node_modules\\express-rate-limit\\dist\\index.cjs:144:13)"}}
[info] >      at wrappedValidations.<computed> [as ip] (C:\Users\galla\OneDrive\Documents\GitHub\shop-xpress\functions\node_modules\express-rate-limit\dist\index.cjs:397:22) {"user":"    at wrappedValidations.<computed> [as ip] (C:\\Users\\galla\\OneDrive\\Documents\\GitHub\\shop-xpress\\functions\\node_modules\\express-rate-limit\\dist\\index.cjs:397:22)","metadata":{"emulator":{"name":"functions"},"function":{"name":"us-central1-api"},"extension":{},"message":"\u001b[90m> \u001b[39m     at wrappedValidations.<computed> [as ip] (C:\\Users\\galla\\OneDrive\\Documents\\GitHub\\shop-xpress\\functions\\node_modules\\express-rate-limit\\dist\\index.cjs:397:22)"}}
[info] >      at Object.keyGenerator (C:\Users\galla\OneDrive\Documents\GitHub\shop-xpress\functions\node_modules\express-rate-limit\dist\index.cjs:656:20) {"user":"    at Object.keyGenerator (C:\\Users\\galla\\OneDrive\\Documents\\GitHub\\shop-xpress\\functions\\node_modules\\express-rate-limit\\dist\\index.cjs:656:20)","metadata":{"emulator":{"name":"functions"},"function":{"name":"us-central1-api"},"extension":{},"message":"\u001b[90m> \u001b[39m     at Object.keyGenerator (C:\\Users\\galla\\OneDrive\\Documents\\GitHub\\shop-xpress\\functions\\node_modules\\express-rate-limit\\dist\\index.cjs:656:20)"}}
[info] >      at C:\Users\galla\OneDrive\Documents\GitHub\shop-xpress\functions\node_modules\express-rate-limit\dist\index.cjs:710:32 {"user":"    at C:\\Users\\galla\\OneDrive\\Documents\\GitHub\\shop-xpress\\functions\\node_modules\\express-rate-limit\\dist\\index.cjs:710:32","metadata":{"emulator":{"name":"functions"},"function":{"name":"us-central1-api"},"extension":{},"message":"\u001b[90m> \u001b[39m     at C:\\Users\\galla\\OneDrive\\Documents\\GitHub\\shop-xpress\\functions\\node_modules\\express-rate-limit\\dist\\index.cjs:710:32"}}
[info] >      at process.processTicksAndRejections (node:internal/process/task_queues:104:5) {"user":"    at process.processTicksAndRejections (node:internal/process/task_queues:104:5)","metadata":{"emulator":{"name":"functions"},"function":{"name":"us-central1-api"},"extension":{},"message":"\u001b[90m> \u001b[39m     at process.processTicksAndRejections (node:internal/process/task_queues:104:5)"}}
[info] >      at async C:\Users\galla\OneDrive\Documents\GitHub\shop-xpress\functions\node_modules\express-rate-limit\dist\index.cjs:691:5 { {"user":"    at async C:\\Users\\galla\\OneDrive\\Documents\\GitHub\\shop-xpress\\functions\\node_modules\\express-rate-limit\\dist\\index.cjs:691:5 {","metadata":{"emulator":{"name":"functions"},"function":{"name":"us-central1-api"},"extension":{},"message":"\u001b[90m> \u001b[39m     at async C:\\Users\\galla\\OneDrive\\Documents\\GitHub\\shop-xpress\\functions\\node_modules\\express-rate-limit\\dist\\index.cjs:691:5 {"}}
[info] >    code: 'ERR_ERL_UNDEFINED_IP_ADDRESS', {"user":"  code: 'ERR_ERL_UNDEFINED_IP_ADDRESS',","metadata":{"emulator":{"name":"functions"},"function":{"name":"us-central1-api"},"extension":{},"message":"\u001b[90m> \u001b[39m   code: 'ERR_ERL_UNDEFINED_IP_ADDRESS',"}}
[info] >    help: 'https://express-rate-limit.github.io/ERR_ERL_UNDEFINED_IP_ADDRESS/' {"user":"  help: 'https://express-rate-limit.github.io/ERR_ERL_UNDEFINED_IP_ADDRESS/'","metadata":{"emulator":{"name":"functions"},"function":{"name":"us-central1-api"},"extension":{},"message":"\u001b[90m> \u001b[39m   help: 'https://express-rate-limit.github.io/ERR_ERL_UNDEFINED_IP_ADDRESS/'"}}
[info] >  } {"user":"}","metadata":{"emulator":{"name":"functions"},"function":{"name":"us-central1-api"},"extension":{},"message":"\u001b[90m> \u001b[39m }"}}
[debug] [2026-10-08T10:05:53.247Z] Finishing up request with event=pause {"metadata":{"emulator":{"name":"functions"},"function":{"name":"us-central1-api"},"extension":{},"message":"Finishing up request with event=pause"}}
[info] i  functions: Finished "us-central1-api" in 8.456ms {"metadata":{"emulator":{"name":"functions"},"function":{"name":"us-central1-api"},"extension":{},"message":"Finished \"us-central1-api\" in 8.456ms"}}
[debug] [2026-10-08T10:05:53.247Z] [worker-us-central1-api-765c5edb-7671-40fa-aee5-82d201f60179]: IDLE {"metadata":{"emulator":{"name":"functions"},"function":{"name":"us-central1-api"},"extension":{},"message":"[worker-us-central1-api-765c5edb-7671-40fa-aee5-82d201f60179]: IDLE"}}
[debug] [2026-10-08T10:05:53.247Z] Finishing up request with event=finish {"metadata":{"emulator":{"name":"functions"},"function":{"name":"us-central1-api"},"extension":{},"message":"Finishing up request with event=finish"}}
[debug] [2026-10-08T10:05:53.247Z] Finishing up request with event=close {"metadata":{"emulator":{"name":"functions"},"function":{"name":"us-central1-api"},"extension":{},"message":"Finishing up request with event=close"}}
[debug] [2026-10-08T10:05:53.247Z] [work-queue] {"queuedWork":[],"queueLength":0,"runningWork":["/demo-no-project/us-central1/api/login-check-2026-10-08T10:05:52.510Z","/demo-no-project/us-central1/api/login-check-2026-10-08T10:05:52.923Z"],"workRunningCount":2}
[debug] [2026-10-08T10:05:53.268Z] [work-queue] {"queuedWork":["/demo-no-project/us-central1/api/login-check-2026-10-08T10:05:53.268Z"],"queueLength":1,"runningWork":["/demo-no-project/us-central1/api/login-check-2026-10-08T10:05:52.510Z","/demo-no-project/us-central1/api/login-check-2026-10-08T10:05:52.923Z"],"workRunningCount":2}
[debug] [2026-10-08T10:05:53.268Z] [work-queue] {"queuedWork":[],"queueLength":0,"runningWork":["/demo-no-project/us-central1/api/login-check-2026-10-08T10:05:52.510Z","/demo-no-project/us-central1/api/login-check-2026-10-08T10:05:52.923Z","/demo-no-project/us-central1/api/login-check-2026-10-08T10:05:53.268Z"],"workRunningCount":3}
[debug] [2026-10-08T10:05:53.268Z] Accepted request POST /demo-no-project/us-central1/api/login-check --> us-central1-api
[debug] [2026-10-08T10:05:53.270Z] [functions] Runtime ready! Sending request! {"metadata":{"emulator":{"name":"functions"},"message":"[functions] Runtime ready! Sending request!"}}
[debug] [2026-10-08T10:05:53.270Z] [functions] Got req.url=/demo-no-project/us-central1/api/login-check, mapping to path=/login-check {"metadata":{"emulator":{"name":"functions"},"message":"[functions] Got req.url=/demo-no-project/us-central1/api/login-check, mapping to path=/login-check"}}
[debug] [2026-10-08T10:05:53.270Z] [worker-pool] submitRequest(triggerId=us-central1-api) {"metadata":{"emulator":{"name":"functions"},"message":"[worker-pool] submitRequest(triggerId=us-central1-api)"}}
[info] i  functions: Beginning execution of "us-central1-api" {"metadata":{"emulator":{"name":"functions"},"function":{"name":"us-central1-api"},"extension":{},"message":"Beginning execution of \"us-central1-api\""}}
[debug] [2026-10-08T10:05:53.270Z] [worker-us-central1-api-765c5edb-7671-40fa-aee5-82d201f60179]: BUSY {"metadata":{"emulator":{"name":"functions"},"function":{"name":"us-central1-api"},"extension":{},"message":"[worker-us-central1-api-765c5edb-7671-40fa-aee5-82d201f60179]: BUSY"}}
[debug] [2026-10-08T10:05:53.272Z] Finishing up request with event=pause {"metadata":{"emulator":{"name":"functions"},"function":{"name":"us-central1-api"},"extension":{},"message":"Finishing up request with event=pause"}}
[info] i  functions: Finished "us-central1-api" in 2.4157ms {"metadata":{"emulator":{"name":"functions"},"function":{"name":"us-central1-api"},"extension":{},"message":"Finished \"us-central1-api\" in 2.4157ms"}}
[debug] [2026-10-08T10:05:53.273Z] [worker-us-central1-api-765c5edb-7671-40fa-aee5-82d201f60179]: IDLE {"metadata":{"emulator":{"name":"functions"},"function":{"name":"us-central1-api"},"extension":{},"message":"[worker-us-central1-api-765c5edb-7671-40fa-aee5-82d201f60179]: IDLE"}}
[debug] [2026-10-08T10:05:53.273Z] Finishing up request with event=finish {"metadata":{"emulator":{"name":"functions"},"function":{"name":"us-central1-api"},"extension":{},"message":"Finishing up request with event=finish"}}
[debug] [2026-10-08T10:05:53.273Z] Finishing up request with event=close {"metadata":{"emulator":{"name":"functions"},"function":{"name":"us-central1-api"},"extension":{},"message":"Finishing up request with event=close"}}
[debug] [2026-10-08T10:05:53.273Z] [work-queue] {"queuedWork":[],"queueLength":0,"runningWork":["/demo-no-project/us-central1/api/login-check-2026-10-08T10:05:52.510Z","/demo-no-project/us-central1/api/login-check-2026-10-08T10:05:52.923Z"],"workRunningCount":2}
[debug] [2026-10-08T10:05:53.439Z] [runtime-status] [30528] Resolved module firebase-admin {"declared":true,"installed":true,"version":"11.11.1","resolution":"C:\\Users\\galla\\OneDrive\\Documents\\GitHub\\shop-xpress\\functions\\node_modules\\firebase-admin\\lib\\index.js"} {"metadata":{"emulator":{"name":"functions"},"function":{"name":"us-central1-api"},"extension":{},"message":"[runtime-status] [30528] Resolved module firebase-admin {\"declared\":true,\"installed\":true,\"version\":\"11.11.1\",\"resolution\":\"C:\\\\Users\\\\galla\\\\OneDrive\\\\Documents\\\\GitHub\\\\shop-xpress\\\\functions\\\\node_modules\\\\firebase-admin\\\\lib\\\\index.js\"}"}}
[debug] [2026-10-08T10:05:53.440Z] [runtime-status] [30528] Resolved module firebase-functions {"declared":true,"installed":true,"version":"4.9.0","resolution":"C:\\Users\\galla\\OneDrive\\Documents\\GitHub\\shop-xpress\\functions\\node_modules\\firebase-functions\\lib\\v1\\index.js"} {"metadata":{"emulator":{"name":"functions"},"function":{"name":"us-central1-api"},"extension":{},"message":"[runtime-status] [30528] Resolved module firebase-functions {\"declared\":true,\"installed\":true,\"version\":\"4.9.0\",\"resolution\":\"C:\\\\Users\\\\galla\\\\OneDrive\\\\Documents\\\\GitHub\\\\shop-xpress\\\\functions\\\\node_modules\\\\firebase-functions\\\\lib\\\\v1\\\\index.js\"}"}}
[debug] [2026-10-08T10:05:53.440Z] [runtime-status] [30528] Outgoing network have been stubbed. [{"name":"http","status":"mocked"},{"name":"http","status":"mocked"},{"name":"https","status":"mocked"},{"name":"https","status":"mocked"},{"name":"net","status":"mocked"}] {"metadata":{"emulator":{"name":"functions"},"function":{"name":"us-central1-api"},"extension":{},"message":"[runtime-status] [30528] Outgoing network have been stubbed. [{\"name\":\"http\",\"status\":\"mocked\"},{\"name\":\"http\",\"status\":\"mocked\"},{\"name\":\"https\",\"status\":\"mocked\"},{\"name\":\"https\",\"status\":\"mocked\"},{\"name\":\"net\",\"status\":\"mocked\"}]"}}
[debug] [2026-10-08T10:05:53.441Z] [runtime-status] [30528] Resolved module firebase-functions {"declared":true,"installed":true,"version":"4.9.0","resolution":"C:\\Users\\galla\\OneDrive\\Documents\\GitHub\\shop-xpress\\functions\\node_modules\\firebase-functions\\lib\\v1\\index.js"} {"metadata":{"emulator":{"name":"functions"},"function":{"name":"us-central1-api"},"extension":{},"message":"[runtime-status] [30528] Resolved module firebase-functions {\"declared\":true,\"installed\":true,\"version\":\"4.9.0\",\"resolution\":\"C:\\\\Users\\\\galla\\\\OneDrive\\\\Documents\\\\GitHub\\\\shop-xpress\\\\functions\\\\node_modules\\\\firebase-functions\\\\lib\\\\v1\\\\index.js\"}"}}
[debug] [2026-10-08T10:05:53.569Z] [runtime-status] [30528] Resolved module firebase-admin {"declared":true,"installed":true,"version":"11.11.1","resolution":"C:\\Users\\galla\\OneDrive\\Documents\\GitHub\\shop-xpress\\functions\\node_modules\\firebase-admin\\lib\\index.js"} {"metadata":{"emulator":{"name":"functions"},"function":{"name":"us-central1-api"},"extension":{},"message":"[runtime-status] [30528] Resolved module firebase-admin {\"declared\":true,\"installed\":true,\"version\":\"11.11.1\",\"resolution\":\"C:\\\\Users\\\\galla\\\\OneDrive\\\\Documents\\\\GitHub\\\\shop-xpress\\\\functions\\\\node_modules\\\\firebase-admin\\\\lib\\\\index.js\"}"}}
[debug] [2026-10-08T10:05:53.571Z] [runtime-status] [30528] Resolved module firebase-functions {"declared":true,"installed":true,"version":"4.9.0","resolution":"C:\\Users\\galla\\OneDrive\\Documents\\GitHub\\shop-xpress\\functions\\node_modules\\firebase-functions\\lib\\v1\\index.js"} {"metadata":{"emulator":{"name":"functions"},"function":{"name":"us-central1-api"},"extension":{},"message":"[runtime-status] [30528] Resolved module firebase-functions {\"declared\":true,\"installed\":true,\"version\":\"4.9.0\",\"resolution\":\"C:\\\\Users\\\\galla\\\\OneDrive\\\\Documents\\\\GitHub\\\\shop-xpress\\\\functions\\\\node_modules\\\\firebase-functions\\\\lib\\\\v1\\\\index.js\"}"}}
[debug] [2026-10-08T10:05:53.653Z] [runtime-status] [30528] firebase-admin has been stubbed. {"adminResolution":{"declared":true,"installed":true,"version":"11.11.1","resolution":"C:\\Users\\galla\\OneDrive\\Documents\\GitHub\\shop-xpress\\functions\\node_modules\\firebase-admin\\lib\\index.js"}} {"metadata":{"emulator":{"name":"functions"},"function":{"name":"us-central1-api"},"extension":{},"message":"[runtime-status] [30528] firebase-admin has been stubbed. {\"adminResolution\":{\"declared\":true,\"installed\":true,\"version\":\"11.11.1\",\"resolution\":\"C:\\\\Users\\\\galla\\\\OneDrive\\\\Documents\\\\GitHub\\\\shop-xpress\\\\functions\\\\node_modules\\\\firebase-admin\\\\lib\\\\index.js\"}}"}}
[debug] [2026-10-08T10:05:53.769Z] [runtime-status] [30528] initializeApp(DEFAULT) {"storageBucket":"demo-no-project.appspot.com","databaseURL":"https://demo-no-project.firebaseio.com","projectId":"demo-no-project"} {"metadata":{"emulator":{"name":"functions"},"function":{"name":"us-central1-api"},"extension":{},"message":"[runtime-status] [30528] initializeApp(DEFAULT) {\"storageBucket\":\"demo-no-project.appspot.com\",\"databaseURL\":\"https://demo-no-project.firebaseio.com\",\"projectId\":\"demo-no-project\"}"}}
[debug] [2026-10-08T10:05:53.775Z] [runtime-status] [30528] Functions runtime initialized. {"cwd":"C:\\Users\\galla\\OneDrive\\Documents\\GitHub\\shop-xpress\\functions","node_version":"24.20.0"} {"metadata":{"emulator":{"name":"functions"},"function":{"name":"us-central1-api"},"extension":{},"message":"[runtime-status] [30528] Functions runtime initialized. {\"cwd\":\"C:\\\\Users\\\\galla\\\\OneDrive\\\\Documents\\\\GitHub\\\\shop-xpress\\\\functions\",\"node_version\":\"24.20.0\"}"}}
[debug] [2026-10-08T10:05:53.775Z] [runtime-status] [30528] Listening to port: \\?\pipe\fire_emu_677b227ba2b7899c {"metadata":{"emulator":{"name":"functions"},"function":{"name":"us-central1-api"},"extension":{},"message":"[runtime-status] [30528] Listening to port: \\\\?\\pipe\\fire_emu_677b227ba2b7899c"}}
[debug] [2026-10-08T10:05:53.814Z] [worker-us-central1-api-5394476e-a1b5-4d0d-829e-e35a90f282ae]: IDLE {"metadata":{"emulator":{"name":"functions"},"function":{"name":"us-central1-api"},"extension":{},"message":"[worker-us-central1-api-5394476e-a1b5-4d0d-829e-e35a90f282ae]: IDLE"}}
[debug] [2026-10-08T10:05:53.815Z] [worker-pool] submitRequest(triggerId=us-central1-api) {"metadata":{"emulator":{"name":"functions"},"message":"[worker-pool] submitRequest(triggerId=us-central1-api)"}}
[info] i  functions: Beginning execution of "us-central1-api" {"metadata":{"emulator":{"name":"functions"},"function":{"name":"us-central1-api"},"extension":{},"message":"Beginning execution of \"us-central1-api\""}}
[debug] [2026-10-08T10:05:53.815Z] [worker-us-central1-api-765c5edb-7671-40fa-aee5-82d201f60179]: BUSY {"metadata":{"emulator":{"name":"functions"},"function":{"name":"us-central1-api"},"extension":{},"message":"[worker-us-central1-api-765c5edb-7671-40fa-aee5-82d201f60179]: BUSY"}}
[debug] [2026-10-08T10:05:53.817Z] Finishing up request with event=pause {"metadata":{"emulator":{"name":"functions"},"function":{"name":"us-central1-api"},"extension":{},"message":"Finishing up request with event=pause"}}
[info] i  functions: Finished "us-central1-api" in 1.8184ms {"metadata":{"emulator":{"name":"functions"},"function":{"name":"us-central1-api"},"extension":{},"message":"Finished \"us-central1-api\" in 1.8184ms"}}
[debug] [2026-10-08T10:05:53.817Z] [worker-us-central1-api-765c5edb-7671-40fa-aee5-82d201f60179]: IDLE {"metadata":{"emulator":{"name":"functions"},"function":{"name":"us-central1-api"},"extension":{},"message":"[worker-us-central1-api-765c5edb-7671-40fa-aee5-82d201f60179]: IDLE"}}
[debug] [2026-10-08T10:05:53.817Z] Finishing up request with event=finish {"metadata":{"emulator":{"name":"functions"},"function":{"name":"us-central1-api"},"extension":{},"message":"Finishing up request with event=finish"}}
[debug] [2026-10-08T10:05:53.817Z] Finishing up request with event=close {"metadata":{"emulator":{"name":"functions"},"function":{"name":"us-central1-api"},"extension":{},"message":"Finishing up request with event=close"}}
[debug] [2026-10-08T10:05:53.817Z] [work-queue] {"queuedWork":[],"queueLength":0,"runningWork":["/demo-no-project/us-central1/api/login-check-2026-10-08T10:05:52.923Z"],"workRunningCount":1}
[debug] [2026-10-08T10:05:53.866Z] [runtime-status] [24340] Resolved module firebase-admin {"declared":true,"installed":true,"version":"11.11.1","resolution":"C:\\Users\\galla\\OneDrive\\Documents\\GitHub\\shop-xpress\\functions\\node_modules\\firebase-admin\\lib\\index.js"} {"metadata":{"emulator":{"name":"functions"},"function":{"name":"us-central1-api"},"extension":{},"message":"[runtime-status] [24340] Resolved module firebase-admin {\"declared\":true,\"installed\":true,\"version\":\"11.11.1\",\"resolution\":\"C:\\\\Users\\\\galla\\\\OneDrive\\\\Documents\\\\GitHub\\\\shop-xpress\\\\functions\\\\node_modules\\\\firebase-admin\\\\lib\\\\index.js\"}"}}
[debug] [2026-10-08T10:05:53.867Z] [runtime-status] [24340] Resolved module firebase-functions {"declared":true,"installed":true,"version":"4.9.0","resolution":"C:\\Users\\galla\\OneDrive\\Documents\\GitHub\\shop-xpress\\functions\\node_modules\\firebase-functions\\lib\\v1\\index.js"} {"metadata":{"emulator":{"name":"functions"},"function":{"name":"us-central1-api"},"extension":{},"message":"[runtime-status] [24340] Resolved module firebase-functions {\"declared\":true,\"installed\":true,\"version\":\"4.9.0\",\"resolution\":\"C:\\\\Users\\\\galla\\\\OneDrive\\\\Documents\\\\GitHub\\\\shop-xpress\\\\functions\\\\node_modules\\\\firebase-functions\\\\lib\\\\v1\\\\index.js\"}"}}
[debug] [2026-10-08T10:05:53.867Z] [runtime-status] [24340] Outgoing network have been stubbed. [{"name":"http","status":"mocked"},{"name":"http","status":"mocked"},{"name":"https","status":"mocked"},{"name":"https","status":"mocked"},{"name":"net","status":"mocked"}] {"metadata":{"emulator":{"name":"functions"},"function":{"name":"us-central1-api"},"extension":{},"message":"[runtime-status] [24340] Outgoing network have been stubbed. [{\"name\":\"http\",\"status\":\"mocked\"},{\"name\":\"http\",\"status\":\"mocked\"},{\"name\":\"https\",\"status\":\"mocked\"},{\"name\":\"https\",\"status\":\"mocked\"},{\"name\":\"net\",\"status\":\"mocked\"}]"}}
[debug] [2026-10-08T10:05:53.868Z] [runtime-status] [24340] Resolved module firebase-functions {"declared":true,"installed":true,"version":"4.9.0","resolution":"C:\\Users\\galla\\OneDrive\\Documents\\GitHub\\shop-xpress\\functions\\node_modules\\firebase-functions\\lib\\v1\\index.js"} {"metadata":{"emulator":{"name":"functions"},"function":{"name":"us-central1-api"},"extension":{},"message":"[runtime-status] [24340] Resolved module firebase-functions {\"declared\":true,\"installed\":true,\"version\":\"4.9.0\",\"resolution\":\"C:\\\\Users\\\\galla\\\\OneDrive\\\\Documents\\\\GitHub\\\\shop-xpress\\\\functions\\\\node_modules\\\\firebase-functions\\\\lib\\\\v1\\\\index.js\"}"}}
[debug] [2026-10-08T10:05:53.982Z] [runtime-status] [24340] Resolved module firebase-admin {"declared":true,"installed":true,"version":"11.11.1","resolution":"C:\\Users\\galla\\OneDrive\\Documents\\GitHub\\shop-xpress\\functions\\node_modules\\firebase-admin\\lib\\index.js"} {"metadata":{"emulator":{"name":"functions"},"function":{"name":"us-central1-api"},"extension":{},"message":"[runtime-status] [24340] Resolved module firebase-admin {\"declared\":true,\"installed\":true,\"version\":\"11.11.1\",\"resolution\":\"C:\\\\Users\\\\galla\\\\OneDrive\\\\Documents\\\\GitHub\\\\shop-xpress\\\\functions\\\\node_modules\\\\firebase-admin\\\\lib\\\\index.js\"}"}}
[debug] [2026-10-08T10:05:53.983Z] [runtime-status] [24340] Resolved module firebase-functions {"declared":true,"installed":true,"version":"4.9.0","resolution":"C:\\Users\\galla\\OneDrive\\Documents\\GitHub\\shop-xpress\\functions\\node_modules\\firebase-functions\\lib\\v1\\index.js"} {"metadata":{"emulator":{"name":"functions"},"function":{"name":"us-central1-api"},"extension":{},"message":"[runtime-status] [24340] Resolved module firebase-functions {\"declared\":true,\"installed\":true,\"version\":\"4.9.0\",\"resolution\":\"C:\\\\Users\\\\galla\\\\OneDrive\\\\Documents\\\\GitHub\\\\shop-xpress\\\\functions\\\\node_modules\\\\firebase-functions\\\\lib\\\\v1\\\\index.js\"}"}}
[debug] [2026-10-08T10:05:54.049Z] [runtime-status] [24340] firebase-admin has been stubbed. {"adminResolution":{"declared":true,"installed":true,"version":"11.11.1","resolution":"C:\\Users\\galla\\OneDrive\\Documents\\GitHub\\shop-xpress\\functions\\node_modules\\firebase-admin\\lib\\index.js"}} {"metadata":{"emulator":{"name":"functions"},"function":{"name":"us-central1-api"},"extension":{},"message":"[runtime-status] [24340] firebase-admin has been stubbed. {\"adminResolution\":{\"declared\":true,\"installed\":true,\"version\":\"11.11.1\",\"resolution\":\"C:\\\\Users\\\\galla\\\\OneDrive\\\\Documents\\\\GitHub\\\\shop-xpress\\\\functions\\\\node_modules\\\\firebase-admin\\\\lib\\\\index.js\"}}"}}
[debug] [2026-10-08T10:05:54.134Z] [runtime-status] [24340] initializeApp(DEFAULT) {"storageBucket":"demo-no-project.appspot.com","databaseURL":"https://demo-no-project.firebaseio.com","projectId":"demo-no-project"} {"metadata":{"emulator":{"name":"functions"},"function":{"name":"us-central1-api"},"extension":{},"message":"[runtime-status] [24340] initializeApp(DEFAULT) {\"storageBucket\":\"demo-no-project.appspot.com\",\"databaseURL\":\"https://demo-no-project.firebaseio.com\",\"projectId\":\"demo-no-project\"}"}}
[debug] [2026-10-08T10:05:54.140Z] [runtime-status] [24340] Functions runtime initialized. {"cwd":"C:\\Users\\galla\\OneDrive\\Documents\\GitHub\\shop-xpress\\functions","node_version":"24.20.0"} {"metadata":{"emulator":{"name":"functions"},"function":{"name":"us-central1-api"},"extension":{},"message":"[runtime-status] [24340] Functions runtime initialized. {\"cwd\":\"C:\\\\Users\\\\galla\\\\OneDrive\\\\Documents\\\\GitHub\\\\shop-xpress\\\\functions\",\"node_version\":\"24.20.0\"}"}}
[debug] [2026-10-08T10:05:54.140Z] [runtime-status] [24340] Listening to port: \\?\pipe\fire_emu_1a3f08954a4ed4a3 {"metadata":{"emulator":{"name":"functions"},"function":{"name":"us-central1-api"},"extension":{},"message":"[runtime-status] [24340] Listening to port: \\\\?\\pipe\\fire_emu_1a3f08954a4ed4a3"}}
[debug] [2026-10-08T10:05:54.254Z] [worker-us-central1-api-b70c50fb-3fc2-4f60-a6d6-1df6b9a07eb1]: IDLE {"metadata":{"emulator":{"name":"functions"},"function":{"name":"us-central1-api"},"extension":{},"message":"[worker-us-central1-api-b70c50fb-3fc2-4f60-a6d6-1df6b9a07eb1]: IDLE"}}
[debug] [2026-10-08T10:05:54.255Z] [worker-pool] submitRequest(triggerId=us-central1-api) {"metadata":{"emulator":{"name":"functions"},"message":"[worker-pool] submitRequest(triggerId=us-central1-api)"}}
[info] i  functions: Beginning execution of "us-central1-api" {"metadata":{"emulator":{"name":"functions"},"function":{"name":"us-central1-api"},"extension":{},"message":"Beginning execution of \"us-central1-api\""}}
[debug] [2026-10-08T10:05:54.256Z] [worker-us-central1-api-765c5edb-7671-40fa-aee5-82d201f60179]: BUSY {"metadata":{"emulator":{"name":"functions"},"function":{"name":"us-central1-api"},"extension":{},"message":"[worker-us-central1-api-765c5edb-7671-40fa-aee5-82d201f60179]: BUSY"}}
[debug] [2026-10-08T10:05:54.259Z] Finishing up request with event=pause {"metadata":{"emulator":{"name":"functions"},"function":{"name":"us-central1-api"},"extension":{},"message":"Finishing up request with event=pause"}}
[info] i  functions: Finished "us-central1-api" in 3.3814ms {"metadata":{"emulator":{"name":"functions"},"function":{"name":"us-central1-api"},"extension":{},"message":"Finished \"us-central1-api\" in 3.3814ms"}}
[debug] [2026-10-08T10:05:54.259Z] [worker-us-central1-api-765c5edb-7671-40fa-aee5-82d201f60179]: IDLE {"metadata":{"emulator":{"name":"functions"},"function":{"name":"us-central1-api"},"extension":{},"message":"[worker-us-central1-api-765c5edb-7671-40fa-aee5-82d201f60179]: IDLE"}}
[debug] [2026-10-08T10:05:54.260Z] Finishing up request with event=finish {"metadata":{"emulator":{"name":"functions"},"function":{"name":"us-central1-api"},"extension":{},"message":"Finishing up request with event=finish"}}
[debug] [2026-10-08T10:05:54.260Z] Finishing up request with event=close {"metadata":{"emulator":{"name":"functions"},"function":{"name":"us-central1-api"},"extension":{},"message":"Finishing up request with event=close"}}
[debug] [2026-10-08T10:05:54.260Z] [work-queue] {"queuedWork":[],"queueLength":0,"runningWork":[],"workRunningCount":0}
[debug] [2026-10-08T10:05:55.991Z] [work-queue] {"queuedWork":["/demo-no-project/us-central1/api/login-check-2026-10-08T10:05:55.991Z"],"queueLength":1,"runningWork":[],"workRunningCount":0}
[debug] [2026-10-08T10:05:55.991Z] [work-queue] {"queuedWork":[],"queueLength":0,"runningWork":["/demo-no-project/us-central1/api/login-check-2026-10-08T10:05:55.991Z"],"workRunningCount":1}
[debug] [2026-10-08T10:05:55.991Z] Accepted request POST /demo-no-project/us-central1/api/login-check --> us-central1-api
[debug] [2026-10-08T10:05:55.992Z] [functions] Runtime ready! Sending request! {"metadata":{"emulator":{"name":"functions"},"message":"[functions] Runtime ready! Sending request!"}}
[debug] [2026-10-08T10:05:55.992Z] [functions] Got req.url=/demo-no-project/us-central1/api/login-check, mapping to path=/login-check {"metadata":{"emulator":{"name":"functions"},"message":"[functions] Got req.url=/demo-no-project/us-central1/api/login-check, mapping to path=/login-check"}}
[debug] [2026-10-08T10:05:55.992Z] [worker-pool] submitRequest(triggerId=us-central1-api) {"metadata":{"emulator":{"name":"functions"},"message":"[worker-pool] submitRequest(triggerId=us-central1-api)"}}
[info] i  functions: Beginning execution of "us-central1-api" {"metadata":{"emulator":{"name":"functions"},"function":{"name":"us-central1-api"},"extension":{},"message":"Beginning execution of \"us-central1-api\""}}
[debug] [2026-10-08T10:05:55.992Z] [worker-us-central1-api-765c5edb-7671-40fa-aee5-82d201f60179]: BUSY {"metadata":{"emulator":{"name":"functions"},"function":{"name":"us-central1-api"},"extension":{},"message":"[worker-us-central1-api-765c5edb-7671-40fa-aee5-82d201f60179]: BUSY"}}
[debug] [2026-10-08T10:05:55.994Z] Finishing up request with event=pause {"metadata":{"emulator":{"name":"functions"},"function":{"name":"us-central1-api"},"extension":{},"message":"Finishing up request with event=pause"}}
[info] i  functions: Finished "us-central1-api" in 2.0332ms {"metadata":{"emulator":{"name":"functions"},"function":{"name":"us-central1-api"},"extension":{},"message":"Finished \"us-central1-api\" in 2.0332ms"}}
[debug] [2026-10-08T10:05:55.995Z] [worker-us-central1-api-765c5edb-7671-40fa-aee5-82d201f60179]: IDLE {"metadata":{"emulator":{"name":"functions"},"function":{"name":"us-central1-api"},"extension":{},"message":"[worker-us-central1-api-765c5edb-7671-40fa-aee5-82d201f60179]: IDLE"}}
[debug] [2026-10-08T10:05:55.995Z] Finishing up request with event=finish {"metadata":{"emulator":{"name":"functions"},"function":{"name":"us-central1-api"},"extension":{},"message":"Finishing up request with event=finish"}}
[debug] [2026-10-08T10:05:55.995Z] Finishing up request with event=close {"metadata":{"emulator":{"name":"functions"},"function":{"name":"us-central1-api"},"extension":{},"message":"Finishing up request with event=close"}}
[debug] [2026-10-08T10:05:55.995Z] [work-queue] {"queuedWork":[],"queueLength":0,"runningWork":[],"workRunningCount":0}
[debug] [2026-10-08T10:05:59.031Z] [work-queue] {"queuedWork":["/demo-no-project/us-central1/api/login-check-2026-10-08T10:05:59.031Z"],"queueLength":1,"runningWork":[],"workRunningCount":0}
[debug] [2026-10-08T10:05:59.031Z] [work-queue] {"queuedWork":[],"queueLength":0,"runningWork":["/demo-no-project/us-central1/api/login-check-2026-10-08T10:05:59.031Z"],"workRunningCount":1}
[debug] [2026-10-08T10:05:59.031Z] Accepted request POST /demo-no-project/us-central1/api/login-check --> us-central1-api
[debug] [2026-10-08T10:05:59.032Z] [functions] Runtime ready! Sending request! {"metadata":{"emulator":{"name":"functions"},"message":"[functions] Runtime ready! Sending request!"}}
[debug] [2026-10-08T10:05:59.032Z] [functions] Got req.url=/demo-no-project/us-central1/api/login-check, mapping to path=/login-check {"metadata":{"emulator":{"name":"functions"},"message":"[functions] Got req.url=/demo-no-project/us-central1/api/login-check, mapping to path=/login-check"}}
[debug] [2026-10-08T10:05:59.032Z] [worker-pool] submitRequest(triggerId=us-central1-api) {"metadata":{"emulator":{"name":"functions"},"message":"[worker-pool] submitRequest(triggerId=us-central1-api)"}}
[info] i  functions: Beginning execution of "us-central1-api" {"metadata":{"emulator":{"name":"functions"},"function":{"name":"us-central1-api"},"extension":{},"message":"Beginning execution of \"us-central1-api\""}}
[debug] [2026-10-08T10:05:59.032Z] [worker-us-central1-api-765c5edb-7671-40fa-aee5-82d201f60179]: BUSY {"metadata":{"emulator":{"name":"functions"},"function":{"name":"us-central1-api"},"extension":{},"message":"[worker-us-central1-api-765c5edb-7671-40fa-aee5-82d201f60179]: BUSY"}}
[debug] [2026-10-08T10:05:59.035Z] Finishing up request with event=pause {"metadata":{"emulator":{"name":"functions"},"function":{"name":"us-central1-api"},"extension":{},"message":"Finishing up request with event=pause"}}
[info] i  functions: Finished "us-central1-api" in 2.5411ms {"metadata":{"emulator":{"name":"functions"},"function":{"name":"us-central1-api"},"extension":{},"message":"Finished \"us-central1-api\" in 2.5411ms"}}
[debug] [2026-10-08T10:05:59.035Z] [worker-us-central1-api-765c5edb-7671-40fa-aee5-82d201f60179]: IDLE {"metadata":{"emulator":{"name":"functions"},"function":{"name":"us-central1-api"},"extension":{},"message":"[worker-us-central1-api-765c5edb-7671-40fa-aee5-82d201f60179]: IDLE"}}
[debug] [2026-10-08T10:05:59.035Z] Finishing up request with event=finish {"metadata":{"emulator":{"name":"functions"},"function":{"name":"us-central1-api"},"extension":{},"message":"Finishing up request with event=finish"}}
[debug] [2026-10-08T10:05:59.035Z] Finishing up request with event=close {"metadata":{"emulator":{"name":"functions"},"function":{"name":"us-central1-api"},"extension":{},"message":"Finishing up request with event=close"}}
[debug] [2026-10-08T10:05:59.035Z] [work-queue] {"queuedWork":[],"queueLength":0,"runningWork":[],"workRunningCount":0}
[debug] [2026-10-08T10:06:02.137Z] [work-queue] {"queuedWork":["/demo-no-project/us-central1/api/login-check-2026-10-08T10:06:02.137Z"],"queueLength":1,"runningWork":[],"workRunningCount":0}
[debug] [2026-10-08T10:06:02.138Z] [work-queue] {"queuedWork":[],"queueLength":0,"runningWork":["/demo-no-project/us-central1/api/login-check-2026-10-08T10:06:02.137Z"],"workRunningCount":1}
[debug] [2026-10-08T10:06:02.138Z] Accepted request POST /demo-no-project/us-central1/api/login-check --> us-central1-api
[debug] [2026-10-08T10:06:02.139Z] [functions] Runtime ready! Sending request! {"metadata":{"emulator":{"name":"functions"},"message":"[functions] Runtime ready! Sending request!"}}
[debug] [2026-10-08T10:06:02.139Z] [functions] Got req.url=/demo-no-project/us-central1/api/login-check, mapping to path=/login-check {"metadata":{"emulator":{"name":"functions"},"message":"[functions] Got req.url=/demo-no-project/us-central1/api/login-check, mapping to path=/login-check"}}
[debug] [2026-10-08T10:06:02.139Z] [worker-pool] submitRequest(triggerId=us-central1-api) {"metadata":{"emulator":{"name":"functions"},"message":"[worker-pool] submitRequest(triggerId=us-central1-api)"}}
[info] i  functions: Beginning execution of "us-central1-api" {"metadata":{"emulator":{"name":"functions"},"function":{"name":"us-central1-api"},"extension":{},"message":"Beginning execution of \"us-central1-api\""}}
[debug] [2026-10-08T10:06:02.139Z] [worker-us-central1-api-765c5edb-7671-40fa-aee5-82d201f60179]: BUSY {"metadata":{"emulator":{"name":"functions"},"function":{"name":"us-central1-api"},"extension":{},"message":"[worker-us-central1-api-765c5edb-7671-40fa-aee5-82d201f60179]: BUSY"}}
[debug] [2026-10-08T10:06:02.143Z] Finishing up request with event=pause {"metadata":{"emulator":{"name":"functions"},"function":{"name":"us-central1-api"},"extension":{},"message":"Finishing up request with event=pause"}}
[info] i  functions: Finished "us-central1-api" in 3.7379ms {"metadata":{"emulator":{"name":"functions"},"function":{"name":"us-central1-api"},"extension":{},"message":"Finished \"us-central1-api\" in 3.7379ms"}}
[debug] [2026-10-08T10:06:02.143Z] [worker-us-central1-api-765c5edb-7671-40fa-aee5-82d201f60179]: IDLE {"metadata":{"emulator":{"name":"functions"},"function":{"name":"us-central1-api"},"extension":{},"message":"[worker-us-central1-api-765c5edb-7671-40fa-aee5-82d201f60179]: IDLE"}}
[debug] [2026-10-08T10:06:02.143Z] Finishing up request with event=finish {"metadata":{"emulator":{"name":"functions"},"function":{"name":"us-central1-api"},"extension":{},"message":"Finishing up request with event=finish"}}
[debug] [2026-10-08T10:06:02.143Z] Finishing up request with event=close {"metadata":{"emulator":{"name":"functions"},"function":{"name":"us-central1-api"},"extension":{},"message":"Finishing up request with event=close"}}
[debug] [2026-10-08T10:06:02.143Z] [work-queue] {"queuedWork":[],"queueLength":0,"runningWork":[],"workRunningCount":0}
